Date,Open,High,Low,Close,Volume
9/18/2017,63.24,63.32,62.54,62.74,"619,611"
9/19/2017,62.88,63.21,62.75,63,"418,850"
9/20/2017,63.25,63.86,62.91,63.22,"654,658"
9/21/2017,63.34,64.49,63.34,64.31,"602,452"
9/22/2017,64.39,64.93,64.35,64.63,"929,261"
9/25/2017,64.61,64.83,64.21,64.4,"652,532"
9/26/2017,64.46,64.46,63.83,64.13,"719,315"
9/27/2017,64.32,64.66,64.03,64.07,"701,596"
9/28/2017,64.4,64.6,64.07,64.37,"776,625"
9/29/2017,64.39,64.54,64.13,64.25,"1,269,213"
10/2/2017,63.79,64.14,63.65,63.88,"730,768"
10/3/2017,63.96,64.38,63.94,64.34,"674,149"
10/4/2017,64.41,64.78,64.29,64.71,"859,213"
10/5/2017,64.47,64.63,64.3,64.42,"843,159"
10/6/2017,64.29,64.36,63.99,64.21,"564,240"
10/9/2017,64.32,64.32,63.82,63.85,"301,214"
10/10/2017,64.4,64.83,64.32,64.55,"1,073,763"
10/11/2017,64.65,64.96,64.54,64.95,"842,042"
10/12/2017,64.75,64.84,64.14,64.4,"773,243"
10/13/2017,64.57,64.89,64.37,64.6,"826,395"
10/16/2017,64.42,64.72,64.32,64.45,"518,408"
10/17/2017,64.41,64.6,64.21,64.43,"461,106"
10/18/2017,64.67,64.88,64.58,64.71,"783,626"
10/19/2017,64.34,65.07,64.34,64.82,"452,944"
10/20/2017,64.54,64.75,64.06,64.15,"851,969"
10/23/2017,64.28,64.48,64.15,64.27,"436,959"
10/24/2017,64.48,64.7,64.45,64.65,"389,933"
10/25/2017,64.77,65.02,64.04,64.25,"730,636"
10/26/2017,64.28,64.63,64.25,64.28,"321,702"
10/27/2017,64.06,64.61,63.77,64.59,"389,071"
10/30/2017,64.51,64.89,64.42,64.61,"414,822"
10/31/2017,64.48,65.02,64.44,64.52,"698,159"
11/1/2017,64.82,64.85,64.51,64.59,"493,691"
11/2/2017,64.77,65.4,64.73,65.33,"621,351"
11/3/2017,65.54,65.62,65.33,65.53,"428,368"
11/6/2017,65.48,65.85,65.41,65.82,"539,236"
11/7/2017,65.42,65.53,65.18,65.53,"337,423"
11/8/2017,65.72,65.86,65.52,65.8,"394,927"
11/9/2017,65.47,65.99,65.38,65.94,"332,654"
11/10/2017,65.84,65.9,65.2,65.59,"294,034"
11/13/2017,65.06,65.6,65.06,65.34,"402,340"
11/14/2017,65.19,65.31,64.91,65.29,"464,273"
11/15/2017,64.9,65.26,64.7,65.16,"365,363"
11/16/2017,65.51,65.95,65.5,65.85,"339,794"
11/17/2017,65.68,66.35,65.49,66.26,"441,018"
11/20/2017,66.19,66.55,66.07,66.28,"444,365"
11/21/2017,66.58,66.78,65.78,65.82,"670,453"
11/22/2017,66.08,66.35,65.88,66.15,"549,094"
11/24/2017,66.14,66.29,65.98,66.16,"168,284"
11/27/2017,66.19,66.31,65.38,65.44,"623,601"
11/28/2017,64.52,64.55,63.44,63.81,"1,587,560"
11/29/2017,64.04,64.04,63.45,63.58,"651,186"
11/30/2017,63.67,64.46,63.22,63.25,"892,045"
12/1/2017,64.12,64.58,63.99,64.45,"707,213"
12/4/2017,64.92,64.92,64.22,64.24,"528,313"
12/5/2017,64.55,64.58,63.71,63.9,"527,931"
12/6/2017,63.76,64.26,63.7,63.91,"642,352"
12/7/2017,63.95,64.57,63.77,64.43,"540,172"
12/8/2017,64.54,65.14,64.47,65,"483,839"
12/11/2017,65,65.13,64.62,64.74,"390,597"
12/12/2017,64.75,64.84,64.42,64.57,"546,230"
12/13/2017,64.68,64.86,64.35,64.72,"574,282"
12/14/2017,64.61,64.85,64.19,64.65,"526,040"
12/15/2017,64.69,64.7,63.75,63.83,"606,740"
12/18/2017,63.99,64.56,63.97,64.16,"517,382"
12/19/2017,64.24,64.31,63.86,63.98,"483,465"
12/20/2017,64.25,64.26,63.74,64.06,"443,034"
12/21/2017,64.45,64.99,64.41,64.66,"494,292"
12/22/2017,64.43,64.72,64.32,64.7,"307,866"
12/26/2017,64.75,64.81,64.54,64.71,"231,641"
12/27/2017,65.05,65.08,64.52,64.64,"551,595"
12/28/2017,65,65.11,64.58,65.08,"694,021"
12/29/2017,64.68,64.93,64.44,64.53,"548,562"
1/2/2018,64.58,65.35,64.46,65.14,"591,864"
1/3/2018,65.19,65.35,65.03,65.1,"524,953"
1/4/2018,65.27,65.68,65.02,65.52,"721,991"
1/5/2018,66.17,66.69,65.89,66.49,"594,738"
1/8/2018,66.28,66.78,66.27,66.43,"593,370"
1/9/2018,66.59,66.63,66.33,66.45,"519,178"
1/10/2018,66.26,66.64,65.72,65.86,"831,708"
1/11/2018,65.84,65.9,65.58,65.82,"463,080"
1/12/2018,65.86,65.96,65.54,65.81,"650,599"
1/16/2018,65.88,65.97,65.36,65.51,"840,841"
1/17/2018,65.67,66.03,64.79,65.67,"780,748"
1/18/2018,65.63,65.77,65.34,65.76,"672,683"
1/19/2018,65.78,66.12,65.57,65.59,"702,407"
1/22/2018,66.02,66.17,65.8,66.09,"702,491"
1/23/2018,65.94,66.36,65.58,66.04,"721,307"
1/24/2018,66.44,66.47,65.95,66.35,"647,096"
1/25/2018,66.5,66.77,66.01,66.21,"858,697"
1/26/2018,66.24,66.5,65.91,66.31,"489,282"
1/29/2018,66.13,66.2,65.86,66.08,"421,753"
1/30/2018,65.83,66.38,65.8,66.26,"711,899"
1/31/2018,66.43,66.62,66.19,66.49,"737,484"
2/1/2018,66.28,66.28,65.37,65.83,"1,269,895"
2/2/2018,65.02,65.35,64.37,64.39,"852,854"
2/5/2018,63.73,63.83,62.15,62.29,"1,081,590"
2/6/2018,60.98,62.7,60.23,62.49,"1,230,076"
2/7/2018,62.61,62.66,61.77,61.77,"824,313"
2/8/2018,61.9,61.91,60.45,60.46,"1,097,293"
2/9/2018,60.72,61.02,59.65,60.79,"1,266,529"
2/12/2018,61.65,61.67,60.74,61.09,"760,684"
2/13/2018,61,61.19,60.55,61.03,"572,816"
2/14/2018,60.76,62.45,60.41,62.18,"771,785"
2/15/2018,62.78,62.81,61.72,62.05,"733,016"
2/16/2018,61.85,61.87,61.39,61.52,"699,446"
2/20/2018,61.31,61.51,60.72,61.03,"673,534"
2/21/2018,61.12,61.8,61.08,61.51,"786,723"
2/22/2018,61.58,61.78,61.02,61.23,"909,315"
2/23/2018,61.54,61.96,61.26,61.89,"545,358"
2/26/2018,62,62.64,62,62.37,"813,343"
2/27/2018,62.5,62.93,62.28,62.53,"1,052,829"
2/28/2018,62.65,62.78,61.94,61.96,"1,412,009"
3/1/2018,62.01,62.14,61.16,61.81,"1,035,426"
3/2/2018,61.08,61.55,60.86,61.22,"1,001,556"
3/5/2018,60.4,61.22,60.2,60.87,"931,925"
3/6/2018,61.34,61.71,61.21,61.55,"576,651"
3/7/2018,61.11,61.68,60.97,61.59,"688,516"
3/8/2018,61.78,62.09,61.64,62.05,"676,255"
3/9/2018,62.49,63.11,62.03,63.02,"801,407"
3/12/2018,62.98,63.5,62.8,62.91,"420,617"
3/13/2018,63.06,63.24,62.65,62.67,"694,231"
3/14/2018,63.15,63.29,62.64,63.24,"724,269"
3/15/2018,63.2,63.21,62.77,62.89,"729,989"
3/16/2018,62.85,63.21,62.78,62.85,"919,873"
3/19/2018,62.95,63.13,62.35,63.01,"705,152"
3/20/2018,63.03,63.12,62.62,62.63,"886,846"
3/21/2018,63.05,63.53,62.93,63.25,"816,359"
3/22/2018,62.8,62.89,62.05,62.33,"859,584"
3/23/2018,62.67,63.05,61.4,61.57,"965,640"
3/26/2018,61.91,62.02,61.14,61.6,"812,776"
3/27/2018,61.67,61.73,60.64,60.91,"737,965"
3/28/2018,60.81,61.33,60.4,60.73,"965,602"
3/29/2018,61.12,61.8,60.79,61.7,"1,032,574"
4/2/2018,60.98,60.98,59.59,60.26,"932,979"
4/3/2018,60.6,60.8,60.06,60.52,"707,820"
4/4/2018,59.76,60.35,59.52,60.19,"806,126"
4/5/2018,60.58,61.06,60.39,60.99,"834,894"
4/6/2018,60.56,60.96,60,60.35,"704,238"
4/9/2018,60.61,61.27,60.41,60.88,"595,174"
4/10/2018,61.65,61.91,61.44,61.55,"553,545"
4/11/2018,61.27,61.75,61.19,61.31,"454,141"
4/12/2018,61.33,61.45,60.92,61.04,"443,592"
4/13/2018,61.44,61.44,60.54,60.66,"479,239"
4/16/2018,60.91,61.04,60.55,60.83,"437,812"
4/17/2018,61.2,61.2,60.73,60.85,"483,805"
4/18/2018,60.91,61.36,60.7,60.87,"460,733"
4/19/2018,60.93,60.99,60.13,60.32,"510,585"
4/20/2018,60.06,60.52,60.06,60.28,"449,514"
4/23/2018,60.21,60.41,60.1,60.32,"420,730"
4/24/2018,60.69,60.92,60.32,60.44,"664,607"
4/25/2018,60.25,60.61,60.03,60.46,"597,908"
4/26/2018,60.7,61.43,60.53,61.04,"822,282"
4/27/2018,61.19,61.8,61.17,61.72,"528,473"
4/30/2018,61.69,62.09,61.45,61.46,"727,033"
5/1/2018,61.39,61.46,60.89,61.36,"820,555"
5/2/2018,61.43,61.74,61.27,61.42,"629,995"
5/3/2018,61.37,61.59,60.68,61.22,"878,882"
5/4/2018,60.85,61.65,60.72,61.39,"512,722"
5/7/2018,61.39,61.78,61.31,61.55,"377,766"
5/8/2018,61.3,61.48,60.96,61.46,"594,457"
5/9/2018,61.97,62.28,61.46,62.18,"493,313"
5/10/2018,62.64,62.88,62.3,62.69,"637,367"
5/11/2018,62.69,62.8,62.52,62.57,"537,456"
5/14/2018,62.86,63.17,62.75,62.84,"532,589"
5/15/2018,62.37,62.69,62.11,62.56,"627,130"
5/16/2018,62.61,63.15,62.61,63.11,"578,311"
5/17/2018,63.09,63.09,62.7,62.95,"615,847"
5/18/2018,62.44,62.48,61.85,62.35,"657,904"
5/21/2018,62.52,62.74,62.52,62.65,"215,100"
5/22/2018,63.09,63.27,62.64,62.69,"542,432"
5/23/2018,62.11,62.61,61.92,62.56,"726,304"
5/24/2018,62.45,62.52,61.66,62.26,"535,147"
5/25/2018,61.81,62.25,61.73,61.79,"478,471"
5/29/2018,60.79,60.91,58.88,59.13,"1,722,516"
5/30/2018,59.7,60.57,59.39,60.43,"1,116,367"
5/31/2018,59.7,60.57,59.39,60.43,44
6/1/2018,59.29,59.8,59.22,59.38,"1,268,322"
6/4/2018,59.62,59.87,59.43,59.45,"854,753"
6/5/2018,59.2,59.22,58.6,58.85,"929,158"
6/6/2018,59.45,59.47,58.89,59.02,"697,939"
6/7/2018,59.13,59.21,58.58,58.68,"763,769"
6/8/2018,58.74,59.04,58.57,59.01,"702,684"
6/11/2018,58.62,58.64,58.22,58.42,"997,495"
6/12/2018,58.48,58.51,58.01,58.15,"890,452"
6/13/2018,58.31,58.66,58.07,58.58,"900,079"
6/14/2018,58.72,58.74,57.97,58.06,"1,061,815"
6/15/2018,57.7,57.85,57.51,57.68,"1,326,954"
6/18/2018,57.63,57.77,57.42,57.7,"532,924"
6/19/2018,57.32,57.33,56.88,57.13,"974,481"
6/20/2018,57.28,57.51,57.24,57.31,"1,004,404"
6/21/2018,57.36,57.78,57.3,57.71,"668,853"
6/22/2018,57.81,58.05,57.68,57.99,"628,300"
6/25/2018,57.85,57.87,56.94,57.05,"752,078"
6/26/2018,57.11,57.25,56.74,56.96,"851,328"
6/27/2018,57.02,57.29,56.5,56.56,"892,267"
6/28/2018,56.77,56.8,56.39,56.6,"987,862"
6/29/2018,56.6,57.35,56.12,57.22,"1,700,987"
7/2/2018,56.5,56.5,55.85,56.17,"716,092"
7/3/2018,56.65,56.83,56.25,56.37,"887,898"
7/5/2018,56.74,57.16,56.59,57.02,"889,116"
7/6/2018,56.98,57.39,56.89,57.29,"781,020"
7/9/2018,57.7,57.7,57.28,57.33,"893,275"
7/10/2018,57.45,57.46,57.14,57.33,"1,054,348"
7/11/2018,57.06,57.41,56.74,56.81,"854,061"
7/12/2018,57.13,57.47,57.02,57.32,"809,320"
7/13/2018,57.24,57.41,57.03,57.35,"645,253"
7/16/2018,57.5,57.9,57.49,57.79,"459,505"
7/17/2018,57.68,57.91,57.6,57.69,"819,411"
7/18/2018,57.59,57.78,57.42,57.72,"429,444"
7/19/2018,57.38,57.61,57.29,57.43,"599,243"
7/20/2018,57.86,58.01,57.78,57.91,"517,203"
7/23/2018,57.79,57.92,57.68,57.81,"415,561"
7/24/2018,57.94,58.28,57.89,58.13,"594,172"
7/25/2018,58.16,58.82,58.13,58.76,"716,625"
7/26/2018,58.58,58.72,58.37,58.45,"613,244"
7/27/2018,58.43,58.72,58.43,58.66,"636,003"
7/30/2018,58.82,59.27,58.82,58.9,"549,692"
7/31/2018,59.03,59.33,58.84,59.25,"704,974"
8/1/2018,59.29,59.62,59.09,59.29,"744,277"
8/2/2018,58.95,59.3,58.51,59.15,"624,052"
8/3/2018,59.09,59.36,59.07,59.25,"454,029"
8/6/2018,59.25,59.36,59.02,59.09,"399,659"
8/7/2018,59.39,59.48,58.28,58.49,"1,002,997"
8/8/2018,58.47,58.97,58.32,58.87,"568,937"
8/9/2018,58.89,59.06,58.8,59.02,"595,025"
8/10/2018,58.53,58.57,57.94,58.13,"700,867"
8/13/2018,58.02,58.38,57.94,58.01,"407,623"
8/14/2018,58.39,58.83,58.26,58.77,"611,524"
8/15/2018,58.21,58.33,57.8,58.1,"605,366"
8/16/2018,58.36,58.59,58.17,58.21,"601,042"
8/17/2018,58.57,59.43,58.46,59.29,"798,026"
8/20/2018,59.28,59.67,59.28,59.54,"566,242"
8/21/2018,59.73,59.98,59.4,59.4,"615,541"
8/22/2018,59.58,60.03,59.55,59.99,"600,589"
8/23/2018,59.72,60,59.5,59.54,"622,140"
8/24/2018,59.78,59.98,59.6,59.74,"416,646"
8/27/2018,59.99,60.6,59.94,60.46,"703,191"
8/28/2018,60.46,60.47,59.23,59.44,"1,170,590"
8/29/2018,59.38,59.42,58.53,58.84,"981,325"
8/30/2018,58.57,58.71,58.33,58.38,"907,982"
8/31/2018,58.13,58.28,57.76,57.9,"714,024"
9/4/2018,57.19,57.36,56.68,57.07,"878,357"
9/5/2018,56.99,57.29,56.79,56.89,"1,006,329"
9/6/2018,56.79,57.48,56.56,57.23,"1,129,801"
9/7/2018,57.11,57.14,56.7,56.91,"698,873"
9/10/2018,57.09,57.17,56.86,56.93,"559,933"
9/11/2018,56.92,57.69,56.81,57.68,"769,982"
9/12/2018,57.81,58,57.62,57.68,"733,775"
9/13/2018,57.9,58.07,57.68,57.77,"487,440"
9/14/2018,57.79,57.98,57.58,57.86,"414,559"
9/17/2018,57.92,58.41,57.88,58.37,"490,039"
9/18/2018,58.58,59.16,58.39,59.03,"484,801"
9/19/2018,59.11,59.5,58.91,59.41,"626,169"
9/20/2018,59.82,60.21,59.73,60.15,"845,534"
9/21/2018,60.11,60.52,60.11,60.37,"834,090"
9/24/2018,60.47,60.5,60.03,60.08,"569,103"
9/25/2018,60.19,60.27,59.68,59.69,"657,462"
9/26/2018,59.54,60.05,59.53,59.61,"666,991"
9/27/2018,59.55,59.92,59.48,59.58,"635,463"
9/28/2018,59.69,59.77,59.42,59.63,"818,374"
10/1/2018,60.26,60.28,59.22,59.47,"762,928"
10/2/2018,59.29,59.37,58.69,58.84,"893,239"
10/3/2018,59.06,59.08,58.61,58.73,"1,830,788"
10/4/2018,58.51,58.71,57.72,58.08,"684,873"
10/5/2018,58.11,58.45,57.95,58.11,"746,108"
10/8/2018,58.16,58.18,57.75,57.92,"331,094"
10/9/2018,57.85,57.91,57.46,57.54,"650,738"
10/10/2018,57.42,57.57,56.61,56.61,"748,764"
10/11/2018,56.11,56.29,55.15,55.29,"1,271,347"
10/12/2018,56,56.03,54.78,55.01,"1,126,681"
10/15/2018,55.23,55.28,54.57,54.75,"713,590"
10/16/2018,55.11,55.47,54.87,55.44,"780,873"
10/17/2018,55.44,55.56,54.97,55.47,"662,400"
10/18/2018,55.16,55.25,54.33,54.61,"792,840"
10/19/2018,54.69,54.92,54.23,54.23,"984,319"
10/22/2018,54.37,54.42,53.95,54.09,"643,889"
10/23/2018,53.55,54.27,53.07,54.04,"824,389"
10/24/2018,53.89,54.06,52.94,52.98,"892,142"
10/25/2018,53.45,53.97,52.96,53.66,"923,578"
10/26/2018,52.94,53.62,52.63,53.45,"856,829"
10/29/2018,54,54.13,52.71,52.94,"892,965"
10/30/2018,53,53.53,52.76,53.38,"910,018"
10/31/2018,53.93,54.25,53.68,53.71,"614,469"
11/1/2018,54.15,54.19,53.54,54.01,"935,188"
11/2/2018,54.26,54.58,53.8,54.27,"1,064,312"
11/5/2018,54.37,54.67,54.1,54.14,"1,309,040"
11/6/2018,54.01,54.25,53.65,54.21,"556,720"
11/7/2018,54.53,54.6,54.04,54.16,"713,124"
11/8/2018,54.17,54.54,54.08,54.28,"586,050"
11/9/2018,54.12,54.17,53.2,53.59,"1,004,960"
11/12/2018,53.57,53.61,53.13,53.18,"617,033"
11/13/2018,53.28,53.97,53.28,53.54,"792,489"
11/14/2018,53.85,54.11,53.35,53.72,"687,716"
11/15/2018,53.56,54.09,53.39,53.92,"993,482"
11/16/2018,53.77,54.04,53.71,53.91,"516,219"
11/19/2018,53.91,53.91,53.3,53.7,"942,452"
11/20/2018,53.22,53.22,52.09,52.28,"943,214"
11/21/2018,52.63,53.55,52.58,53.08,"1,098,036"
11/23/2018,52.69,52.96,52.6,52.8,"455,137"
11/26/2018,53.35,53.44,52.93,52.99,"1,383,086"
11/27/2018,52.9,53.06,52.44,52.75,"830,335"
11/28/2018,52.83,54.41,52.81,54.16,"1,621,282"
11/29/2018,54.26,54.93,54.23,54.7,"1,341,828"
11/30/2018,54.6,54.75,54.21,54.38,"1,129,745"
12/3/2018,55.38,55.51,54.59,54.89,"941,121"
12/4/2018,54.74,54.8,53.82,54.05,"970,751"
12/6/2018,53,53.49,52.36,53.48,"1,342,321"
12/7/2018,53.74,54.25,53.54,53.81,"1,341,399"
12/10/2018,53.72,53.87,53.37,53.58,"1,347,422"
12/11/2018,53.95,54.52,53.38,53.38,"1,380,658"
12/12/2018,54.05,54.46,53.71,54.1,"1,102,956"
12/13/2018,54.16,54.57,53.8,53.94,"776,384"
12/14/2018,53.57,54.08,53.44,53.89,"782,013"
12/17/2018,53.68,53.94,53.15,53.43,"1,154,779"
12/18/2018,53.37,53.6,52.61,52.78,"1,264,655"
12/19/2018,52.89,53.18,51.71,51.81,"1,157,228"
12/20/2018,51.74,51.97,51.18,51.33,"1,236,583"
12/21/2018,51.19,51.2,49.38,49.42,"1,467,126"
12/24/2018,49.07,49.7,48.8,49.12,"936,298"
12/26/2018,49.22,50.34,48.34,50.33,"956,512"
12/27/2018,49.87,50.17,49.21,50.16,"1,107,393"
12/28/2018,50.45,50.91,50.11,50.38,"1,084,662"
12/31/2018,50.03,50.14,49.62,49.87,"915,616"
1/2/2019,49.51,50.48,49.38,50.29,"788,871"
1/3/2019,50.29,50.46,49.71,50.31,"836,293"
1/4/2019,51,51.29,50.71,51.18,"720,948"
1/7/2019,51.51,51.83,51.25,51.7,"861,731"
1/8/2019,52.07,52.28,51.52,52.16,"689,606"
1/9/2019,52.47,53.39,52.37,53.36,"1,424,819"
1/10/2019,53.2,53.81,52.97,53.77,"870,746"
1/11/2019,53.59,53.8,53.34,53.77,"598,896"
1/14/2019,53.59,54.03,53.55,53.62,"581,411"
1/15/2019,53.74,54.01,53.38,53.96,"485,300"
1/16/2019,54.24,54.76,54.05,54.52,"583,196"
1/17/2019,54.21,55.26,54.18,55.1,"731,723"
1/18/2019,55.59,55.79,55.18,55.24,"708,867"
1/22/2019,54.96,55.26,54.72,55.25,"701,507"
1/23/2019,55.37,55.45,54.71,54.97,"786,726"
1/24/2019,54.94,55.14,54.63,55.05,"591,955"
1/25/2019,55.55,55.69,55.25,55.62,"550,088"
1/28/2019,55.18,55.68,55.16,55.68,"421,472"
1/29/2019,55.67,56.22,55.67,56.08,"544,016"
1/30/2019,56.43,56.92,56.27,56.66,"489,950"
1/31/2019,56.55,57,56.5,56.94,"906,726"
2/1/2019,56.99,57,56.41,56.41,"626,934"
2/4/2019,56.48,56.71,56.26,56.65,"549,697"
2/5/2019,56.67,56.8,56.3,56.78,"499,457"
2/6/2019,56.61,56.9,56.48,56.55,"588,649"
2/7/2019,56.3,56.39,55.9,56.25,"564,982"
2/8/2019,56.17,56.38,55.63,56.13,"589,292"
2/11/2019,56.22,56.27,55.71,55.98,"878,806"
2/12/2019,56.37,56.47,56.23,56.35,"779,370"
2/13/2019,56.47,56.59,56.25,56.29,"444,915"
2/14/2019,55.96,56.05,55.51,55.94,"1,102,778"
2/15/2019,56.2,56.59,56.12,56.47,"981,677"
2/19/2019,56.29,56.75,56.09,56.65,"1,015,840"
2/20/2019,56.74,57.57,56.71,57.41,"642,844"
2/21/2019,57.26,57.47,56.96,57.1,"631,723"
2/22/2019,57.23,57.4,57.09,57.35,"511,433"
2/25/2019,57.51,57.62,57.15,57.18,"959,840"
2/26/2019,55.49,55.93,55.07,55.51,"1,432,237"
2/27/2019,55.64,55.7,55.24,55.31,"1,011,866"
2/28/2019,55.02,55.63,54.9,55.56,"1,324,457"
3/1/2019,55.65,55.73,54.58,54.63,"1,289,253"
3/4/2019,54.77,55.04,54.51,54.69,"837,680"
3/5/2019,54.71,54.71,54.01,54.26,"915,025"
3/6/2019,54.13,54.39,54,54.09,"928,569"
3/7/2019,54.1,54.22,53.57,53.74,"1,207,208"
3/8/2019,53.61,54.13,53.28,53.9,"974,845"
3/11/2019,53.93,54.3,53.76,54.16,"867,710"
3/12/2019,54.37,54.56,54.08,54.51,"652,808"
3/13/2019,54.74,54.87,54.56,54.76,"550,949"
3/14/2019,54.69,54.8,54.43,54.64,"559,178"
3/15/2019,54.81,55.03,54.63,54.78,"651,261"
3/18/2019,54.8,55.2,54.68,55.19,"571,033"
3/19/2019,55.51,55.73,55.1,55.22,"609,377"
3/20/2019,54.98,55.13,54.7,54.77,"826,096"
3/21/2019,54.47,54.54,53.98,54.18,"743,424"
3/22/2019,53.78,53.84,53.05,53.14,"1,219,565"
3/25/2019,53.07,53.2,52.5,52.8,"853,509"
3/26/2019,53.17,53.26,52.63,52.76,"2,901,483"
3/27/2019,52.59,52.93,52.49,52.77,"2,832,078"
3/28/2019,52.67,53.15,52.67,53.06,"803,944"
3/29/2019,53.55,53.59,53.19,53.28,"1,079,103"
4/1/2019,53.08,53.48,52.86,53.37,"856,682"
4/2/2019,53.35,53.43,52.87,53.04,"834,002"
4/3/2019,53.24,53.49,53.12,53.24,"620,068"
4/4/2019,53.24,53.59,53.15,53.4,"940,981"
4/5/2019,53.36,53.41,53.11,53.3,"424,514"
4/8/2019,53.33,53.51,53.23,53.5,"905,072"
4/9/2019,53.36,53.36,53.01,53.33,"471,443"
4/10/2019,53.34,53.64,53.12,53.53,"476,436"
4/11/2019,53.36,53.7,53.3,53.34,"485,477"
4/12/2019,53.73,54.01,53.59,53.82,"634,809"
4/15/2019,53.85,54.07,53.75,53.87,"413,240"
4/16/2019,53.94,54.46,53.88,54.32,"497,336"
4/17/2019,54.63,54.66,54.36,54.58,"455,827"
4/18/2019,54.46,54.75,54.46,54.66,"370,710"
4/22/2019,54.54,54.69,54.31,54.38,"1,425,526"
4/23/2019,54.17,54.48,53.98,54.46,"604,591"
4/24/2019,54.2,54.25,53.77,53.77,"633,205"
4/25/2019,53.74,54.2,53.63,54.05,"436,080"
4/26/2019,54.1,54.56,54.02,54.55,"527,865"
4/29/2019,54.53,54.98,54.52,54.72,"460,283"
4/30/2019,54.74,55.16,54.64,55.06,"415,511"
5/1/2019,55.08,55.33,54.72,54.76,"419,448"
5/2/2019,54.79,54.86,54.25,54.27,"572,780"
5/3/2019,54.46,54.88,54.4,54.67,"389,595"
5/6/2019,54.09,54.68,53.75,54.65,"419,914"
5/7/2019,54.05,54.17,53.83,54.1,"500,213"
5/8/2019,54.08,54.13,53.73,53.73,"435,685"
5/9/2019,53.49,53.7,53.26,53.57,"562,861"
5/10/2019,53.69,54.04,53.14,53.95,"565,796"
5/13/2019,53.48,53.48,52.57,52.77,"611,281"
5/14/2019,52.87,53.24,52.74,52.99,"515,671"
5/15/2019,52.7,53.08,52.64,52.92,"439,880"
5/16/2019,53.14,53.35,52.99,53.12,"493,868"
5/17/2019,52.75,53.13,52.69,53.08,"341,565"
5/20/2019,52.75,53.4,52.75,53.17,"1,414,869"
5/21/2019,53.26,53.67,53.21,53.51,"508,572"
5/22/2019,53.44,53.45,52.83,53.12,"509,365"
5/23/2019,52.57,52.58,51.97,52.29,"766,031"
5/24/2019,52.5,52.68,52.45,52.54,"889,249"
5/28/2019,51.91,52.14,50.98,51.82,"1,258,813"
5/29/2019,51.67,51.94,51.33,51.61,"729,555"
5/30/2019,51.72,51.73,51.07,51.39,"760,206"
5/31/2019,50.89,51.03,50.57,50.7,"774,661"
6/3/2019,50.86,51.63,50.8,51.38,"909,910"
6/4/2019,51.81,52.35,51.56,52.26,"1,242,983"
6/5/2019,52.45,52.45,51.88,52.1,"453,993"
6/6/2019,52.24,52.52,52.14,52.37,"475,804"
6/7/2019,52.76,53.23,52.69,52.99,"1,016,870"
6/10/2019,53.22,53.44,53.2,53.27,"436,433"
6/11/2019,53.44,53.54,53.08,53.24,"2,453,436"
6/12/2019,53.18,53.28,52.63,52.65,"508,957"
6/13/2019,52.74,52.88,52.55,52.72,"525,875"
6/14/2019,52.53,52.8,52.33,52.64,"399,957"
6/17/2019,52.67,52.97,52.6,52.63,"331,745"
6/18/2019,52.89,53.33,52.85,53.18,"429,345"
6/19/2019,53.37,53.68,53.37,53.64,"504,021"
6/20/2019,54.14,54.37,53.79,54.12,"471,727"
6/21/2019,54.06,54.26,53.94,54.09,"525,200"
6/24/2019,54.2,54.52,54.14,54.35,"473,941"
6/25/2019,54.49,54.49,54.08,54.14,"485,304"
6/26/2019,54.25,54.54,54.07,54.22,"509,045"
6/27/2019,54.35,54.59,54.13,54.17,"1,510,475"
6/28/2019,54.3,54.45,54.18,54.35,"808,526"
7/1/2019,54.19,54.45,53.77,53.8,"409,484"
7/2/2019,54.01,54.12,53.77,53.97,"1,449,714"
7/3/2019,54.09,54.51,54.08,54.46,"1,116,591"
7/5/2019,54.42,54.45,54.05,54.27,"443,574"
7/8/2019,54.11,54.22,54,54.15,"401,666"
7/9/2019,53.89,54.29,53.8,54.09,"556,019"
7/10/2019,54.32,54.58,53.99,54.09,"558,881"
7/11/2019,54.28,54.28,53.77,54.02,"610,129"
7/12/2019,53.98,54.01,53.48,53.52,"499,553"
7/15/2019,53.61,53.71,53.06,53.24,"451,708"
7/16/2019,53.3,53.47,53.04,53.08,"619,930"
7/17/2019,53.15,53.21,52.89,52.91,"485,177"
7/18/2019,52.82,53.27,52.79,53.24,"545,261"
7/19/2019,53.25,53.39,53.01,53.12,"387,610"
7/22/2019,53.12,53.13,52.69,52.9,"1,363,165"
7/23/2019,52.93,53.22,52.87,53.11,"589,861"
7/24/2019,53,53.6,52.99,53.47,"503,333"
7/25/2019,53.57,54.17,53.3,53.73,"1,004,026"
7/26/2019,53.87,53.92,53.52,53.58,"330,574"
7/29/2019,53.77,53.86,53.56,53.77,"576,557"
7/30/2019,53.51,53.59,53.23,53.58,"476,503"
7/31/2019,53.62,53.84,53.08,53.38,"644,455"
8/1/2019,53.28,53.75,52.82,52.98,"646,070"
8/2/2019,52.79,52.85,52.22,52.61,"642,663"
8/5/2019,52.03,52.11,51.57,51.73,"1,458,225"
8/6/2019,51.99,52.08,51.14,51.58,"911,768"
8/7/2019,51.03,52.04,50.83,51.87,"1,336,092"
8/8/2019,52.04,52.76,51.84,52.45,"554,159"
8/9/2019,52.44,52.8,52.16,52.32,"561,751"
8/12/2019,51.96,52.19,51.73,51.96,"457,122"
8/13/2019,51.77,52.53,51.7,52.21,"1,201,280"
8/14/2019,51.63,51.63,50.69,50.84,"861,290"
8/15/2019,50.78,50.91,50.36,50.61,"607,319"
8/16/2019,51,51.34,50.89,51.02,"782,433"
8/19/2019,51.25,51.54,51.04,51.4,"452,298"
8/20/2019,51.26,51.42,50.89,51.02,"604,290"
8/21/2019,51.43,51.51,51.13,51.27,"475,644"
8/22/2019,51.43,51.71,51.3,51.53,"960,425"
8/23/2019,51.3,51.72,50.8,50.98,"773,212"
8/26/2019,51.1,51.44,50.99,51.23,"796,430"
8/27/2019,51.52,52.22,51.26,51.48,"1,076,605"
8/28/2019,51.4,52.39,51.37,52.14,"1,093,205"
8/29/2019,52.44,53.27,52.39,53,"1,116,601"
8/30/2019,53.26,53.58,53.05,53.21,"916,329"
9/3/2019,52.68,52.99,52.46,52.75,"1,811,616"
9/4/2019,53.19,53.81,53.11,53.71,"644,492"
9/5/2019,54.02,54.31,54,54.11,"682,199"
9/6/2019,54.24,54.84,54.19,54.68,"552,137"
9/9/2019,54.9,55.24,54.88,55.14,"1,256,838"
9/10/2019,55.23,55.59,55.1,55.44,"822,842"
9/11/2019,55.59,56.11,55.45,55.86,"793,826"
9/12/2019,55.64,56.46,55.61,56.2,"686,388"
9/13/2019,56.42,56.82,56.3,56.47,"1,267,868"
9/16/2019,56.14,56.39,55.86,56.22,"674,796"
9/17/2019,56.1,56.62,55.95,56.45,"492,493"
9/18/2019,56.33,56.57,56.02,56.18,"708,472"
9/19/2019,56.12,56.52,56.12,56.21,"615,999"
9/20/2019,56.31,56.67,56.15,56.26,"885,290"
9/23/2019,56.25,56.46,56.07,56.45,"925,335"
9/24/2019,56.61,57.15,56.6,56.83,"1,324,959"
9/25/2019,56.75,57.15,56.61,57.05,"2,765,248"
9/26/2019,57.36,57.52,57.21,57.35,"1,163,490"
9/27/2019,57.57,57.72,57.33,57.56,"3,050,435"
9/30/2019,57,57.17,56.82,56.85,"725,066"
10/1/2019,56.77,56.97,56.12,56.41,"851,418"
10/2/2019,55.98,56.04,55.27,55.48,"2,319,021"
10/3/2019,55.4,55.4,54.82,55.36,"783,461"
10/4/2019,55.45,55.86,55.28,55.82,"817,343"
10/7/2019,55.78,55.95,55.69,55.78,"418,485"
10/8/2019,55.63,55.82,55.4,55.67,"826,966"
10/9/2019,55.96,56.26,55.8,56.1,"1,522,960"
10/10/2019,56.17,56.58,56.11,56.26,"640,523"
10/11/2019,56.7,57.34,56.7,56.93,"706,355"
10/14/2019,56.8,56.91,56.52,56.84,"778,528"
10/15/2019,57.04,57.66,56.92,57.24,"611,968"
10/16/2019,57.25,57.59,57.25,57.37,"457,303"
10/17/2019,57.61,57.64,57.32,57.43,"475,844"
10/18/2019,57.51,57.68,57.45,57.59,"542,895"
10/21/2019,57.77,57.84,57.16,57.56,"1,482,678"
10/22/2019,57.58,57.68,57.32,57.41,"752,463"
10/23/2019,57.5,57.54,57.29,57.43,"697,328"
10/24/2019,57.52,57.52,57.2,57.45,"466,389"
10/25/2019,57.36,57.66,57.28,57.54,"500,685"
10/28/2019,57.7,57.81,57.42,57.56,"541,063"
10/29/2019,57.45,57.87,57.41,57.67,"508,100"
10/30/2019,57.68,57.68,57.28,57.53,"433,132"
10/31/2019,57.39,57.63,57.16,57.33,"561,585"
11/1/2019,57.49,57.73,57.35,57.68,"411,914"
11/4/2019,57.79,58.11,57.79,58,"2,226,567"
11/5/2019,58.05,58.2,57.91,57.98,"535,171"
11/6/2019,57.9,58.06,57.76,58,"473,476"
11/7/2019,58.07,58.22,57.94,57.99,"385,849"
11/8/2019,57.71,57.87,57.59,57.83,"390,438"
11/11/2019,57.71,57.97,57.67,57.86,"1,184,167"
11/12/2019,57.84,58.01,57.61,57.7,"320,753"
11/13/2019,57.49,57.62,57.33,57.41,"1,005,394"
11/14/2019,57.31,57.46,57.21,57.45,"430,256"
11/15/2019,57.52,57.61,57.39,57.48,"711,854"
11/18/2019,57.4,57.84,57.37,57.75,"567,143"
11/19/2019,57.79,57.87,57.58,57.62,"411,079"
11/20/2019,57.44,57.51,57.22,57.3,"695,487"
11/21/2019,57.43,57.46,57.12,57.29,"1,252,858"
11/22/2019,57.38,57.4,56.79,56.85,"1,179,676"
11/25/2019,56.94,57.09,56.72,56.99,"851,992"
11/26/2019,56.84,57.27,56.3,56.6,"1,041,878"
11/27/2019,56.59,56.84,56.4,56.41,"1,161,224"
11/29/2019,56.34,56.43,56.1,56.12,"438,348"
12/2/2019,56.27,56.35,55.91,56.14,"749,599"
12/3/2019,55.74,55.78,55.32,55.6,"946,649"
12/4/2019,55.81,56.24,55.62,56.23,"756,175"
12/5/2019,56.44,56.84,56.21,56.82,"1,471,196"
12/6/2019,56.82,57.02,56.61,56.71,"662,420"
12/9/2019,56.64,56.76,56.42,56.67,"604,125"
12/10/2019,56.65,56.65,56.07,56.37,"668,471"
12/11/2019,56.51,56.62,56.38,56.57,"492,998"
12/12/2019,56.65,57.09,56.51,56.73,"972,779"
12/13/2019,56.53,56.7,55.75,55.97,"1,271,282"
12/16/2019,56.42,56.59,56.28,56.28,"682,576"
12/17/2019,56.25,56.59,56.06,56.58,"770,369"
12/18/2019,56.67,56.69,55.94,56.13,"805,850"
12/19/2019,56.08,56.3,55.84,55.89,"702,212"
12/20/2019,55.87,56.19,55.86,55.98,"617,322"
12/23/2019,55.99,56.05,55.7,55.76,"813,523"
12/24/2019,55.76,55.79,55.5,55.77,"267,845"
12/26/2019,55.82,55.86,55.62,55.84,"253,815"
12/27/2019,56.03,56.18,55.95,56.1,"588,230"
12/30/2019,56.21,56.34,55.97,56.19,"674,075"
12/31/2019,56.27,56.56,56.21,56.49,"623,268"
1/2/2020,56.6,56.78,56.51,56.72,"738,296"
1/3/2020,56.38,56.73,56.29,56.65,"794,055"
1/6/2020,55.86,55.95,55.54,55.86,"1,310,202"
1/7/2020,55.56,55.6,55.05,55.2,"1,426,065"
1/8/2020,55.17,55.93,55.17,55.55,"764,279"
1/9/2020,55.64,55.71,55.17,55.33,"870,495"
1/10/2020,55.33,55.33,54.95,55.15,"783,377"
1/13/2020,55.23,55.35,55.03,55.34,"786,430"
1/14/2020,55.29,55.46,55.11,55.17,"685,798"
1/15/2020,55.17,55.39,54.99,55.37,"628,893"
1/16/2020,55.49,55.64,55.35,55.63,"591,147"
1/17/2020,55.64,55.72,55.36,55.47,"562,209"
1/21/2020,55.52,55.72,55.47,55.53,"505,049"
1/22/2020,55.66,55.88,55.49,55.82,"717,974"
1/23/2020,55.68,55.97,55.5,55.93,"574,923"
1/24/2020,55.95,56.09,55.56,55.79,"637,866"
1/27/2020,54.99,55.58,54.99,55.53,"811,597"
1/28/2020,55.67,55.67,55.37,55.58,"567,190"
1/29/2020,55.58,55.68,55.26,55.27,"545,876"
1/30/2020,54.99,55.24,54.68,55.11,"776,281"
1/31/2020,54.7,54.76,54.37,54.62,"913,428"
2/3/2020,54.73,54.88,54.33,54.35,"491,588"
2/4/2020,54.99,55.05,54.82,54.94,"569,838"
2/5/2020,55.21,55.27,54.92,55.15,"626,328"
2/6/2020,55.25,55.75,55.21,55.66,"1,263,247"
2/7/2020,55.43,55.96,55.4,55.91,"1,119,086"
2/10/2020,55.8,55.97,55.75,55.85,"719,915"
2/11/2020,56,56.12,55.88,55.93,"494,462"
2/12/2020,56.05,56.34,55.99,56.3,"507,664"
2/13/2020,56.14,56.36,56.12,56.27,"534,540"
2/14/2020,56.3,56.52,56.26,56.4,"575,969"
2/18/2020,56.18,56.39,56.11,56.31,"558,297"
2/19/2020,56.47,56.59,56.36,56.4,"489,555"
2/20/2020,56.37,56.59,56.18,56.26,"655,841"
2/21/2020,56.12,56.33,56.02,56.16,"671,611"
2/24/2020,55.12,55.43,54.88,54.99,"1,074,735"
2/25/2020,55.43,55.43,54.2,54.41,"1,352,054"
2/26/2020,54.63,55.2,54.31,54.42,"1,106,604"
2/27/2020,53.79,53.88,52.68,53.41,"2,364,255"
2/28/2020,52.15,52.85,51.22,52.35,"2,388,469"
3/2/2020,52.24,53.05,51.68,52.93,"1,867,053"
3/3/2020,52.96,53.34,51.99,52.09,"1,996,453"
3/4/2020,52.72,52.84,52.12,52.77,"2,995,933"
3/5/2020,51.92,52.01,50.74,51.19,"2,698,149"
3/6/2020,50.24,50.56,49.74,50.01,"3,020,207"
3/9/2020,45.56,47.94,43.32,43.39,"3,372,872"
3/10/2020,45.06,45.17,42.52,43.97,"4,336,389"
3/11/2020,42.92,43.87,42.36,42.54,"4,355,364"
3/12/2020,39.95,39.95,35.34,36.8,"3,681,526"
3/13/2020,38.6,42.83,38.19,42.81,"4,117,270"
3/16/2020,36.87,40.19,36.77,37.59,"3,167,461"
3/17/2020,38.08,39.27,35.92,37.92,"2,159,322"
3/18/2020,36.14,36.66,33.09,34.93,"2,719,697"
3/19/2020,34.24,35.21,33.18,35.04,"1,816,995"
3/20/2020,36.27,38.44,34.12,34.83,"2,305,544"
3/23/2020,34.25,34.99,31.94,32.16,"3,252,650"
3/24/2020,34.22,36.66,34,36.47,"2,795,453"
3/25/2020,37.24,41.46,36.38,39.95,"3,979,202"
3/26/2020,40.48,42.66,40.32,41.4,"2,686,560"
3/27/2020,39.78,40.19,38.51,38.74,"1,750,246"
3/30/2020,38.5,38.97,37.31,38.73,"1,829,900"
3/31/2020,38.52,41.01,38.51,40.6,"2,109,477"
4/1/2020,39.04,39.57,38.15,38.3,"2,999,717"
4/2/2020,38.5,39.62,38.09,38.84,"1,886,670"
4/3/2020,38.66,39.11,37.99,38.6,"1,527,059"
4/6/2020,39.26,39.63,38.71,39.18,"2,538,078"
4/7/2020,41.13,41.66,39.42,39.69,"2,251,161"
4/8/2020,39.87,40.47,39.1,40.2,"1,978,496"
4/9/2020,41.17,41.54,40.28,41.06,"2,069,828"
4/13/2020,41.02,41.11,39.81,40.18,"2,708,002"
4/14/2020,40.79,40.98,39.48,40.03,"1,724,418"
4/15/2020,38.5,38.94,38.05,38.12,"1,514,866"
4/16/2020,38.01,38.32,36.76,36.82,"1,786,219"
4/17/2020,38.54,38.93,37.99,38.84,"1,596,714"
4/20/2020,37.92,39.42,37.2,38.75,"2,099,771"
4/21/2020,37.65,38.45,37.03,37.08,"1,584,412"
4/22/2020,37.77,38.01,37.19,37.42,"1,309,205"
4/23/2020,37.78,38.16,37.43,37.54,"1,100,428"
4/24/2020,37.73,37.91,37.06,37.81,"1,167,421"
4/27/2020,38.08,38.93,37.83,38.77,"1,876,383"
4/28/2020,39.78,39.94,39.08,39.62,"1,653,775"
4/29/2020,40.72,41.73,40.54,41.64,"1,128,935"
4/30/2020,40.97,41.23,40.12,40.14,"1,362,672"
5/1/2020,39.11,39.11,38.49,38.65,"1,462,624"
5/4/2020,38.31,38.72,37.49,38.08,"1,980,988"
5/5/2020,38.61,38.8,37.77,37.82,"1,148,362"
5/6/2020,37.99,38.15,37.2,37.4,"1,583,898"
5/7/2020,37.88,38.31,37.42,37.45,"1,000,504"
5/8/2020,37.96,38.14,37.66,38.06,"1,126,088"
5/11/2020,37.65,38.18,37.22,38.08,"1,313,452"
5/12/2020,38.43,38.74,37.48,37.51,"1,135,302"
5/13/2020,37.47,37.61,35.34,35.81,"3,051,025"
5/14/2020,35.31,36.55,34.73,36.02,"2,477,339"
5/15/2020,35.81,36.02,35.29,35.44,"1,432,380"
5/18/2020,36.64,38.73,36.55,38.31,"1,522,912"
5/19/2020,37.97,38,36.64,36.65,"2,235,211"
5/20/2020,37.26,37.56,37.03,37.14,"1,048,885"
5/21/2020,37.08,37.32,36.29,36.86,"1,021,770"
5/22/2020,36.86,36.86,35.76,36.54,"1,375,543"
5/26/2020,38.63,40.77,38.33,40.45,"2,581,104"
5/27/2020,41.54,42.37,41.3,42.15,"2,131,209"
5/28/2020,42.4,42.53,41.32,41.6,"2,423,482"
5/29/2020,41.12,41.12,39.68,40.02,"1,592,949"
6/1/2020,40.27,41.8,40.27,41.42,"1,341,438"
6/2/2020,42.21,42.64,41.94,42.23,"1,112,988"
6/3/2020,43.1,44.01,43.01,43.7,"1,468,294"
6/4/2020,43.63,43.98,42.87,43.75,"1,301,584"
6/5/2020,45.76,46.05,44.77,45.04,"1,316,380"
6/8/2020,46.04,46.16,45.04,45.61,"1,764,287"
6/9/2020,44.83,45.7,44.39,45.29,"1,386,312"
6/10/2020,45.1,45.43,44.44,44.8,"1,585,149"
6/11/2020,42.85,43.5,41.8,42.09,"2,022,494"
6/12/2020,43.4,43.86,42.56,43.02,"2,116,086"
6/15/2020,41.82,43.48,41.7,42.76,"1,660,991"
6/16/2020,44.18,44.18,42.61,43.27,"2,005,548"
6/17/2020,43.45,43.56,42.76,43,"1,440,887"
6/18/2020,42.68,43.05,42.38,42.49,"837,628"
6/19/2020,43.05,43.05,41.88,42.05,"1,164,782"
6/22/2020,42,42.13,41.61,41.91,"929,742"
6/23/2020,42.47,42.63,41.75,41.87,"4,756,246"
6/24/2020,41.47,41.64,40.75,40.83,"1,377,350"
6/25/2020,40.7,41.21,40.56,41.1,"1,102,814"
6/26/2020,40.7,40.9,39.64,39.79,"1,281,352"
6/29/2020,40.1,41.04,39.98,40.72,"978,049"
6/30/2020,40.41,41.42,40.2,41.24,"1,674,147"
7/1/2020,41.35,41.79,40.72,40.76,"650,891"
7/2/2020,41.75,42.09,41.31,41.56,"4,473,174"
7/6/2020,41.76,41.98,41.23,41.55,"1,104,908"
7/7/2020,41.22,41.29,40.34,40.39,"948,741"
7/8/2020,40.41,40.75,39.96,40.52,"970,877"
7/9/2020,40.36,40.52,39.56,39.85,"1,098,864"
7/10/2020,39.81,40.91,39.81,40.88,"1,495,677"
7/13/2020,41.12,41.75,40.87,41.3,"1,553,003"
7/14/2020,41.14,41.38,40.92,41.24,"1,832,040"
7/15/2020,41.64,42.42,41.64,41.88,"1,232,143"
7/16/2020,41.52,42.49,41.52,42.08,"916,147"
7/17/2020,42,42.16,41.65,41.67,"863,523"
7/20/2020,41.52,41.71,41.23,41.38,"790,494"
7/21/2020,41.96,42.3,41.76,41.95,"1,078,820"
7/22/2020,41.88,42.03,41.56,42.01,"640,922"
7/23/2020,41.73,42.04,41.51,41.8,"814,969"
7/24/2020,41.79,41.79,41.19,41.38,"863,651"
7/27/2020,41.24,41.6,40.76,41.48,"888,584"
7/28/2020,41.37,41.37,41.05,41.18,"889,591"
7/29/2020,41.04,41.83,40.93,41.77,"894,796"
7/30/2020,41,41.5,40.71,41.45,"902,025"
7/31/2020,41.45,41.53,40.9,41.12,"1,010,812"
8/3/2020,41.18,41.38,40.92,41.17,"341,632"
8/4/2020,41.13,41.68,41.02,41.47,"806,525"
8/5/2020,41.94,42.15,41.74,42.08,"585,515"
8/6/2020,42,42.4,42,42.24,"773,101"
8/7/2020,42.1,42.51,41.76,42.49,"753,682"
8/10/2020,42.77,43.35,42.63,43.33,"798,221"
8/11/2020,44.01,44.35,43.65,43.73,"1,014,379"
8/12/2020,44.19,44.49,44.19,44.28,"920,463"
8/13/2020,44.2,44.45,43.86,44.02,"717,869"
8/14/2020,43.5,43.72,43.31,43.52,"995,757"
8/17/2020,43.51,43.96,43.11,43.33,"727,046"
8/18/2020,43.56,43.61,43.11,43.28,"1,173,048"
8/19/2020,43.17,43.47,42.74,42.83,"930,772"
8/20/2020,42.42,42.7,42.3,42.52,"838,552"
8/21/2020,42.28,42.28,41.86,42.13,"885,364"
8/24/2020,42.52,42.72,42.22,42.6,"1,317,736"
8/25/2020,42.6,43,42.09,42.6,"1,391,319"
8/26/2020,42.59,43.58,42.59,43.12,"1,374,260"
8/27/2020,43.14,43.95,43.14,43.85,"1,188,435"
8/28/2020,44.11,44.24,43.13,43.38,"983,288"
8/31/2020,43.47,43.47,43.04,43.22,"1,157,583"
9/1/2020,43.09,43.11,42.31,42.53,"1,089,217"
9/2/2020,42.62,43.25,42.62,42.83,"1,196,789"
9/3/2020,43.05,43.15,41.99,42.16,"2,065,292"
9/4/2020,42.56,42.78,41.9,42.39,"1,493,400"
9/8/2020,42,42,41.27,41.42,"1,257,211"
9/9/2020,41.77,42.42,41.7,42.1,"952,838"
9/10/2020,42.37,42.45,41.66,41.81,"1,083,907"
9/11/2020,41.83,42.25,41.73,41.99,"730,400"
9/14/2020,42.16,42.31,41.86,41.94,"1,034,940"
9/15/2020,42.16,42.36,41.99,42.11,"855,866"
9/16/2020,42.12,42.35,41.73,41.75,"1,481,498"
9/17/2020,41.46,41.98,41.33,41.96,"880,853"
9/18/2020,41.78,41.92,41.51,41.58,"1,124,019"
9/21/2020,41.07,41.14,40.21,40.98,"2,056,165"
9/22/2020,41.08,41.64,40.65,40.84,"1,196,859"
9/23/2020,40.89,41.36,40.42,40.62,"1,475,367"
9/24/2020,40.4,41.04,40.16,40.61,"1,217,438"
9/25/2020,40.4,40.73,40.21,40.69,"896,426"
9/28/2020,41.37,42,41.24,41.83,"1,103,076"
9/29/2020,41.72,41.83,41.08,41.39,"1,036,180"
9/30/2020,41.54,41.92,41.41,41.51,"1,099,817"
10/1/2020,41.79,41.84,41.31,41.73,"3,541,319"
10/2/2020,41.4,42.22,41.16,42.06,"1,315,059"
10/5/2020,41.77,42.16,41.48,42.02,"3,863,272"
10/6/2020,42.36,42.65,41.87,42,"1,756,889"
10/7/2020,42.65,42.8,42.42,42.68,"1,328,422"
10/8/2020,42.95,43.13,42.76,42.99,"922,404"
10/9/2020,43.4,43.4,42.75,42.98,"1,164,968"
10/12/2020,43.15,43.51,43.05,43.49,"870,214"
10/13/2020,43.25,43.37,42.44,42.74,"1,104,281"
10/14/2020,42.81,42.97,42.42,42.49,"1,065,006"
10/15/2020,42.03,42.63,41.8,42.47,"948,396"
10/16/2020,42.57,42.79,42.37,42.61,"828,809"
10/19/2020,42.93,42.93,42.16,42.35,"853,425"
10/20/2020,42.71,42.72,42.28,42.33,"804,105"
10/21/2020,42.29,42.58,42.17,42.34,"664,623"
10/22/2020,42.3,43.07,42.3,42.94,"961,531"
10/23/2020,43.32,43.64,43.23,43.53,"835,803"
10/26/2020,43.28,43.28,42.51,42.93,"1,110,654"
10/27/2020,42.8,42.83,42.12,42.31,"1,185,590"
10/28/2020,41.5,41.63,40.76,40.78,"1,955,320"
10/29/2020,40.61,41.68,40.28,41.48,"1,149,150"
10/30/2020,41.32,41.67,41.02,41.56,"991,023"
11/2/2020,42,42.07,41.52,42.04,"986,763"
11/3/2020,42.73,43.12,42.58,42.81,"1,456,065"
11/4/2020,42.54,43.33,42.05,42.94,"1,361,207"
11/5/2020,43.39,43.77,43.31,43.4,"1,110,611"
11/6/2020,43.58,43.65,43.13,43.31,"701,492"
11/9/2020,45.09,46.97,45.09,45.95,"3,205,621"
11/10/2020,46.11,47.28,45.88,47,"1,633,857"
11/11/2020,47.45,47.45,46.9,47.07,"984,867"
11/12/2020,46.4,46.77,46.04,46.35,"1,326,406"
11/13/2020,46.48,46.59,46.23,46.27,"997,230"
11/16/2020,47.3,47.55,47.02,47.41,"1,415,850"
11/17/2020,47.1,47.72,46.96,47.36,"1,273,331"
11/18/2020,47.65,48.41,47.45,48.06,"1,007,322"
11/19/2020,47.77,48.3,47.65,48.28,"1,067,506"
11/20/2020,48.28,48.6,48.07,48.51,"804,904"
11/23/2020,49.03,49.15,48.67,48.84,"1,100,132"
11/24/2020,49.38,49.78,49.34,49.63,"1,482,832"
11/25/2020,49.34,49.83,49.18,49.73,"1,048,865"
11/27/2020,49.91,50.34,49.84,50.11,"661,668"
11/30/2020,49.88,50.04,48.69,48.76,"1,194,661"
12/1/2020,49.78,50.79,49.64,50.25,"1,585,062"
12/2/2020,50.56,51.21,49.99,51.21,"1,880,534"
12/3/2020,51.3,51.88,51.3,51.68,"1,317,482"
12/4/2020,51.96,53,51.76,52.84,"1,526,294"
12/7/2020,52.54,52.8,52.32,52.52,"1,195,704"
12/8/2020,52.5,53.35,52.5,53.22,"1,200,691"
12/9/2020,53.59,53.72,53.1,53.36,"826,911"
12/10/2020,53.23,53.77,53.07,53.68,"650,921"
12/11/2020,53.13,53.85,53.09,53.8,"854,830"
12/14/2020,54.39,54.49,53.39,53.41,"757,324"
12/15/2020,53.84,54.08,53.63,53.69,"877,611"
12/16/2020,53.52,53.62,53.1,53.43,"800,088"
12/17/2020,53.61,53.69,53.3,53.54,"584,325"
12/18/2020,53.47,53.47,53.09,53.16,"1,026,474"
12/21/2020,52.44,53.04,52.11,52.82,"1,041,027"
12/22/2020,53,53,52.43,52.65,"746,361"
12/23/2020,52.91,53.44,52.9,53.27,"1,068,407"
12/24/2020,53.53,53.53,53.17,53.49,"369,569"
12/28/2020,53.78,54.1,53.48,53.54,"522,243"
12/29/2020,53.77,53.9,53.54,53.63,"584,941"
12/30/2020,53.88,54.22,53.79,53.91,"653,207"
12/31/2020,54.01,54.39,53.96,54.04,"3,109,246"
1/4/2021,53.61,53.82,52.77,52.96,"3,704,098"
1/5/2021,52.9,53.77,52.9,53.61,"1,598,854"
1/6/2021,53.45,54.25,53.37,54.07,"2,256,889"
1/7/2021,54.25,54.49,53.84,54.46,"1,064,234"
1/8/2021,54.05,54.34,53.34,53.54,"1,223,122"
1/11/2021,52.88,53.52,52.75,53.3,"835,722"
1/12/2021,53.47,54.23,53.33,54.16,"1,003,105"
1/13/2021,54.11,54.55,54,54.34,"1,523,661"
1/14/2021,54.48,55.6,54.15,55.38,"969,700"
1/15/2021,54.81,55.36,54.69,55.15,"1,520,084"
1/19/2021,55.28,55.85,55.19,55.57,"995,890"
1/20/2021,55.82,56.02,55.56,55.84,"858,977"
1/21/2021,55.86,55.93,55.24,55.39,"1,606,321"
1/22/2021,54.87,54.9,54.26,54.5,"1,132,983"
1/25/2021,54.3,54.89,54.21,54.87,"1,022,230"
1/26/2021,55.2,55.2,54.63,54.8,"649,202"
1/27/2021,54,54.18,53.25,53.33,"1,681,598"
1/28/2021,53.57,54.42,53.03,54.01,"1,852,388"
1/29/2021,53.71,53.88,52.97,53.29,"1,586,180"
2/1/2021,53.57,53.77,53.31,53.35,"925,660"
2/2/2021,53.71,54.24,53.68,54.14,"871,689"
2/3/2021,54.21,54.21,53.85,54.05,"841,703"
2/4/2021,54.14,54.53,54.05,54.52,"886,466"
2/5/2021,54.68,54.95,54.54,54.85,"1,217,492"
2/8/2021,55,55.6,54.96,55.59,"1,005,368"
2/9/2021,55.59,55.93,55.41,55.82,"779,052"
2/10/2021,55.9,55.91,55.3,55.58,"761,697"
2/11/2021,55.59,55.74,55.36,55.69,"648,737"
2/12/2021,55.46,56.02,55.35,55.92,"719,455"
2/16/2021,56.25,56.55,56.01,56.14,"1,340,892"
2/17/2021,55.83,56.11,55.65,55.95,"800,687"
2/18/2021,55.9,56.12,55.6,56.04,"803,055"
2/19/2021,56.45,56.9,56.19,56.67,"998,908"
2/22/2021,56.52,57.51,56.52,57.18,"1,069,186"
2/23/2021,58,59.18,57.85,58.88,"1,678,931"
2/24/2021,59.25,61.35,58.88,61.2,"2,436,531"
2/25/2021,61.2,61.29,59.81,59.94,"2,842,829"
2/26/2021,59.51,59.85,58.28,58.29,"2,339,902"
3/1/2021,59.37,59.93,58.87,59.74,"1,417,393"
3/2/2021,60.09,61.16,59.93,60.76,"2,497,435"
3/3/2021,61.05,61.38,60.63,60.9,"1,088,901"
3/4/2021,60.79,61.37,59.79,60.22,"2,033,405"
3/5/2021,60.89,61.34,60.64,61.23,"2,134,481"
3/8/2021,61.34,62.1,61.15,61.74,"2,262,158"
3/9/2021,61.7,62.19,61.49,61.72,"1,199,576"
3/10/2021,62.01,62.9,61.89,62.79,"1,323,404"
3/11/2021,62.77,63.37,62.65,63.26,"2,260,381"
3/12/2021,63.88,63.88,63.21,63.61,"1,070,683"
3/15/2021,63.61,63.69,62.82,63.18,"1,135,326"
3/16/2021,63.18,63.68,62.97,63.49,"1,955,748"
3/17/2021,63.49,63.98,63.4,63.7,"2,459,985"
3/18/2021,63.84,64.38,63.17,63.22,"1,582,682"
3/19/2021,63.03,63.17,62.24,62.94,"1,450,674"
3/22/2021,62.92,62.96,62.44,62.7,"957,847"
3/23/2021,62.37,62.7,61.95,62.01,"1,040,729"
3/24/2021,62.1,62.7,62.06,62.2,"1,059,273"
3/25/2021,62.1,62.52,61.82,62.34,"1,104,304"
3/26/2021,62.89,63.38,62.85,63.24,"1,230,393"
3/29/2021,62.89,63.23,62.63,63.06,"1,256,809"
3/30/2021,63.13,63.14,62.78,63,"984,045"
3/31/2021,63.17,63.28,62.35,62.55,"1,295,770"
4/1/2021,62.67,62.96,62.43,62.95,"2,959,695"
4/5/2021,62.43,62.79,62.22,62.56,"4,042,490"
4/6/2021,62.43,62.6,62.05,62.17,"858,370"
4/7/2021,62.04,62.27,61.85,61.91,"908,384"
4/8/2021,61.8,62.33,61.43,62.31,"1,089,798"
4/9/2021,62.3,62.57,62.19,62.5,"651,020"
4/12/2021,62.45,62.68,62.1,62.47,"1,056,458"
4/13/2021,62.33,62.37,61.83,61.85,"1,257,434"
4/14/2021,61.81,62.3,61.63,62.03,"2,146,941"
4/15/2021,62.14,62.28,61.62,61.85,"820,326"
4/16/2021,62.24,62.24,61.96,62.08,"1,773,681"
4/19/2021,62.23,62.34,61.5,61.61,"890,966"
4/20/2021,61.55,61.68,60.66,60.81,"1,473,224"
4/21/2021,60.65,62.09,60.51,62.06,"1,016,061"
4/22/2021,61.92,62.25,61.62,61.99,"1,148,845"
4/23/2021,62.07,62.62,61.9,62.52,"1,057,508"
4/26/2021,62.78,63.36,62.68,62.93,"1,107,138"
4/27/2021,63.25,63.32,62.8,63.13,"826,866"
4/28/2021,63.28,63.64,63.17,63.58,"1,653,511"
4/29/2021,64,64.12,63.64,63.96,"1,115,522"
4/30/2021,63.7,63.83,63.43,63.69,"1,253,977"
5/3/2021,63.89,64.39,63.77,63.95,"878,746"
5/4/2021,63.74,63.87,63.27,63.68,"1,580,635"
5/5/2021,63.79,64.36,63.67,64.24,"1,016,708"
5/6/2021,64.55,65.17,64.29,65.16,"1,689,519"
5/7/2021,64.75,65.51,64.6,65.44,"803,644"
5/10/2021,65.79,66.15,65.71,65.71,"999,414"
5/11/2021,65.32,65.86,64.76,64.9,"2,235,287"
5/12/2021,65.1,65.48,64.38,64.48,"1,206,670"
5/13/2021,64.38,65.41,64.38,65.25,"1,531,543"
5/14/2021,65.71,66.04,65.65,65.84,"1,523,204"
5/17/2021,65.98,66.41,65.79,66.3,"942,113"
5/18/2021,66.51,66.74,65.86,65.9,"2,060,021"
5/19/2021,65.33,65.7,64.83,65.39,"1,425,619"
5/20/2021,65.64,65.79,65.19,65.56,"1,411,604"
5/21/2021,65.83,65.99,65.21,65.53,"3,256,580"
5/24/2021,65.64,66.09,65.42,65.96,"635,948"
5/25/2021,65.84,66.53,65.84,65.96,"1,323,135"
5/26/2021,65.9,66.42,65.68,66.3,"1,452,643"
5/27/2021,66.75,67.22,66.53,67.02,"1,469,108"
5/28/2021,67.18,67.47,66.94,67.3,"1,849,735"
6/1/2021,67.92,68,66.68,67,"1,369,271"
6/2/2021,67.5,68.02,67.32,68,"1,509,888"
6/3/2021,67.81,67.81,67.41,67.47,"966,346"
6/4/2021,67.59,67.78,67,67.23,"841,965"
6/7/2021,67.42,67.51,67,67.17,"1,562,375"
6/8/2021,67.33,67.33,66.93,66.98,"871,265"
6/9/2021,67.14,67.19,66.61,66.82,"1,083,024"
6/10/2021,67.3,67.39,66.78,66.79,"1,014,145"
6/11/2021,66.77,66.86,66.41,66.59,"821,312"
6/14/2021,66.56,66.74,66.35,66.52,"1,642,992"
6/15/2021,66.53,66.78,66.41,66.65,"761,952"
6/16/2021,66.7,67.09,66.52,66.8,"1,252,841"
6/17/2021,66.79,66.9,65.24,65.42,"3,087,796"
6/18/2021,64.87,64.94,63.68,63.7,"4,861,708"
6/21/2021,64.23,64.78,64.09,64.65,"1,279,921"
6/22/2021,64.66,64.84,64.12,64.73,"1,538,371"
6/23/2021,64.97,65.2,64.85,64.95,"1,226,085"
6/24/2021,65.11,65.2,64.61,65.11,"1,106,408"
6/25/2021,65.32,65.84,65.24,65.8,"1,293,625"
6/28/2021,65.57,65.57,64.81,65,"1,607,821"
6/29/2021,65.02,65.28,64.87,64.96,"818,913"
6/30/2021,64.96,65.18,64.84,65.07,"1,032,285"
7/1/2021,65.39,65.69,65.12,65.58,"2,682,511"
7/2/2021,64.96,65.14,64.46,65.01,"2,902,511"
7/6/2021,64.78,64.81,63.63,63.65,"1,423,747"
7/7/2021,63.46,63.89,63.14,63.24,"1,276,131"
7/8/2021,62.6,62.69,61.85,62.15,"1,457,827"
7/9/2021,62.67,63.48,62.67,63.4,"1,436,523"
7/12/2021,62.96,63.75,62.75,63.73,"973,142"
7/13/2021,63.52,63.65,62.95,63.18,"877,531"
7/14/2021,63.48,63.82,63.02,63.25,"826,206"
7/15/2021,62.92,63.25,62.71,62.89,"1,025,282"
7/16/2021,63.1,63.11,62.23,62.31,"1,014,868"
7/19/2021,61.38,61.38,60.04,60.29,"2,585,371"
7/20/2021,60.24,61.41,59.97,61.25,"1,216,774"
7/21/2021,61.69,62.35,61.69,62.11,"843,456"
7/22/2021,62.11,62.13,61.25,61.57,"876,899"
7/23/2021,61.9,62.3,61.67,62,"1,004,168"
7/26/2021,62.06,62.31,61.88,62.17,"819,904"
7/27/2021,61.81,62.39,61.56,61.84,"999,221"
7/28/2021,61.9,62.55,61.55,62.41,"911,534"
7/29/2021,62.83,63.45,62.83,63.23,"891,236"
7/30/2021,63.12,63.31,62.16,62.44,"1,160,621"
8/2/2021,62.55,63.52,61.95,61.97,"748,508"
8/3/2021,62.11,62.48,61.68,62.39,"865,593"
8/4/2021,62.02,62.59,62.01,62.23,"688,208"
8/5/2021,62.73,63.07,62.64,62.97,"599,699"
8/6/2021,63.14,63.45,63.06,63.35,"1,619,592"
8/9/2021,63.36,63.57,63.07,63.41,"727,925"
8/10/2021,63.4,64.5,63.39,64.45,"945,036"
8/11/2021,64.59,64.93,64.29,64.82,"880,773"
8/12/2021,64.95,64.95,64.41,64.76,"533,124"
8/13/2021,64.83,64.9,64.53,64.69,"452,205"
8/16/2021,64.36,64.52,63.9,64.45,"825,252"
8/17/2021,64.07,64.17,63.48,63.77,"1,449,999"
8/18/2021,63.69,64.09,63.48,63.49,"736,512"
8/19/2021,62.57,62.94,61.94,62.04,"1,551,277"
8/20/2021,61.75,62.4,61.49,62.31,"952,600"
8/23/2021,62.87,63.53,62.83,63.45,"1,139,088"
8/24/2021,63.71,63.85,63.15,63.2,"1,135,281"
8/25/2021,63.23,64.05,63.1,64.02,"1,390,472"
8/26/2021,63.98,64.1,62.83,62.99,"1,139,138"
8/27/2021,63.01,63.29,62.54,62.95,"1,090,947"
8/30/2021,63.09,63.21,62.29,62.3,"1,023,415"
8/31/2021,62.49,62.62,61.88,61.91,"1,626,244"
9/1/2021,62.26,62.46,61.8,61.82,"838,885"
9/2/2021,61.95,62.45,61.85,62.41,"790,518"
9/3/2021,62.58,62.58,62.26,62.38,"643,132"
9/7/2021,62.29,62.51,61.75,61.77,"925,512"
9/8/2021,61.65,61.9,61.27,61.52,"794,681"
9/9/2021,61.52,62.08,61.46,61.73,"731,776"
9/10/2021,62.28,62.28,61.55,61.55,"723,839"
9/13/2021,62,62.33,61.61,61.93,"1,004,511"
9/14/2021,62.19,62.23,61.14,61.25,"772,488"
9/15/2021,61.21,62.09,61.18,62.05,"904,817"
9/16/2021,62.08,62.26,61.57,61.9,"620,559"
9/17/2021,61.94,62.08,61,61.34,"1,303,822"
9/20/2021,60.31,60.35,59.05,59.98,"2,196,217"
9/21/2021,60.12,60.66,59.95,60,"1,181,912"
9/22/2021,60.36,60.97,60.27,60.44,"1,013,320"
9/23/2021,60.97,61.92,60.97,61.68,"973,547"
9/24/2021,61.62,61.85,61.41,61.81,"912,046"
9/27/2021,62.08,62.77,62.02,62.56,"1,525,211"
9/28/2021,62.57,62.65,61.86,62.07,"1,765,212"
9/29/2021,62.14,62.23,61.73,61.78,"958,574"
9/30/2021,61.93,62.21,61.1,61.53,"3,244,007"
10/1/2021,61.57,62.4,61.1,62.18,"1,876,235"
10/4/2021,61.35,62.25,61.35,61.54,"3,145,247"
10/5/2021,61.73,62.25,61.51,61.86,"876,539"
10/6/2021,61.24,61.66,61.04,61.63,"1,052,585"
10/7/2021,62.09,62.18,61.68,61.98,"1,077,526"
10/8/2021,62.1,62.97,61.99,62.88,"1,062,259"
10/11/2021,63.17,63.62,62.72,62.74,"438,383"
10/12/2021,62.74,63.24,62.55,62.99,"836,494"
10/13/2021,63.01,63.29,62.31,63.17,"923,579"
10/14/2021,63.74,64.09,63.59,63.91,"855,412"
10/15/2021,64.17,64.49,64.09,64.45,"775,352"
10/18/2021,64.3,64.72,64.23,64.57,"822,479"
10/19/2021,64.8,65.46,64.73,65.42,"934,520"
10/20/2021,65.5,66.47,65.39,66.42,"1,045,030"
10/21/2021,66.2,66.49,65.72,65.92,"672,278"
10/22/2021,66.2,66.44,65.89,66.09,"662,582"
10/25/2021,66.2,66.56,66.07,66.51,"813,823"
10/26/2021,66.53,67.1,66.51,66.93,"1,047,528"
10/27/2021,66.74,67.26,66.58,66.81,"1,274,145"
10/28/2021,66.91,67.06,66.65,66.77,"646,003"
10/29/2021,66.56,66.65,65.38,65.56,"1,570,136"
11/1/2021,66.18,66.32,65.6,66.27,"946,583"
11/2/2021,66.14,66.52,65.84,66.27,"605,902"
11/3/2021,66.15,66.98,66.03,66.9,"946,440"
11/4/2021,66.76,66.86,65.99,66.56,"1,119,528"
11/5/2021,66.78,67.12,66.47,66.6,"951,230"
11/8/2021,66.76,67.04,66.32,66.4,"1,004,993"
11/9/2021,66.21,66.67,65.89,66.55,"762,890"
11/10/2021,66.66,67.05,66.17,66.19,"865,701"
11/11/2021,66.1,66.17,65.54,65.67,"801,859"
11/12/2021,65.7,66.49,65.48,66.45,"862,096"
11/15/2021,66.76,66.8,66.15,66.26,"810,395"
11/16/2021,66.23,66.32,65.83,65.83,"722,404"
11/17/2021,65.83,65.93,65.17,65.46,"748,087"
11/18/2021,65.35,65.69,65.01,65.67,"758,584"
11/19/2021,65.41,65.44,64.95,65.27,"885,766"
11/22/2021,65.46,65.49,64.79,64.8,"1,050,731"
11/23/2021,64.96,65.83,64.96,65.81,"1,138,824"
11/24/2021,65.81,65.86,65.52,65.74,"728,643"
11/26/2021,64.78,64.89,63.94,64.27,"1,390,115"
11/29/2021,64.5,64.78,63.4,63.84,"1,566,274"
11/30/2021,63.67,63.78,62.11,62.43,"1,904,016"
12/1/2021,63.55,65.37,63.36,64.35,"3,084,514"
12/2/2021,64.73,66.27,64.67,66.1,"2,432,019"
12/3/2021,66.27,66.38,65.18,65.37,"1,683,786"
12/6/2021,66.07,66.81,65.81,66.42,"1,580,240"
12/7/2021,67.25,67.72,66.96,67.56,"1,782,887"
12/8/2021,67.74,67.97,67.17,67.56,"1,073,469"
12/9/2021,67.15,67.58,66.86,67.44,"1,111,501"
12/10/2021,67.74,67.99,67.52,67.7,"1,269,978"
12/13/2021,67.33,67.5,66.77,67,"1,139,796"
12/14/2021,66.7,67.49,66.62,67.02,"1,072,211"
12/15/2021,67.03,67.74,66.56,67.48,"1,376,359"
12/16/2021,68.2,68.6,67.98,68.08,"1,588,103"
12/17/2021,68.06,68.28,67.14,67.76,"3,587,932"
12/20/2021,67.09,67.25,66.3,67.09,"2,684,101"
12/21/2021,67.78,68.17,67.61,67.89,"2,273,526"
12/22/2021,67.96,69.1,67.79,69.1,"1,328,982"
12/23/2021,69.29,69.96,69.18,69.79,"1,365,969"
12/27/2021,70,70.91,69.72,70.91,"855,807"
12/28/2021,70.88,71.54,70.88,71.26,"1,183,508"
12/29/2021,71.07,71.48,70.7,71.37,"1,319,017"
12/30/2021,71.66,71.87,71.38,71.73,"1,782,678"
12/31/2021,71.44,71.97,71.36,71.69,"3,672,817"
1/3/2022,70.73,71.77,70.68,71.43,"3,285,507"
1/4/2022,71.39,71.96,71.36,71.52,"2,650,316"
1/5/2022,71.76,71.98,70.69,70.7,"1,554,120"
1/6/2022,71.24,71.97,70.89,71.71,"2,460,003"
1/7/2022,71.92,72.55,71.75,72.42,"2,353,347"
1/10/2022,72.23,72.53,71.37,71.74,"1,426,435"
1/11/2022,71.89,73,71.79,72.99,"1,380,140"
1/12/2022,73.25,73.99,73.16,73.38,"2,829,988"
1/13/2022,73.68,74.24,73.61,73.63,"2,012,747"
1/14/2022,73.35,73.88,73.02,73.53,"2,133,802"
1/18/2022,73.94,74.02,73.36,73.75,"1,714,888"
1/19/2022,74.18,74.18,72.61,72.83,"1,736,768"
1/20/2022,72.75,73.73,72.68,72.75,"1,709,040"
1/21/2022,72.03,72.45,71.07,71.46,"2,984,842"
1/24/2022,69.75,70.47,68.74,70.38,"2,401,537"
1/25/2022,70.06,71.51,69.17,70.97,"1,691,911"
1/26/2022,71.98,72.41,70.97,71.42,"2,893,038"
1/27/2022,71.97,72.5,70.86,71.13,"1,697,226"
1/28/2022,71.06,71.06,69.83,70.72,"1,833,438"
1/31/2022,70.54,72.14,70.43,71.96,"1,513,735"
2/1/2022,72.17,72.95,71.87,72.7,"1,703,274"
2/2/2022,72.99,73.69,72.76,73.5,"1,325,150"
2/3/2022,73.21,73.68,73.08,73.13,"1,462,032"
2/4/2022,73.12,73.38,72.58,73.18,"1,095,065"
2/7/2022,73.38,73.95,73.17,73.75,"1,142,777"
2/8/2022,73.91,74.56,73.83,74.36,"1,239,293"
2/9/2022,74.65,74.86,74.02,74.22,"1,238,520"
2/10/2022,73.87,74.2,73.11,73.24,"1,352,330"
2/11/2022,73.14,74.03,72.72,73.08,"1,563,729"
2/14/2022,72.9,73.06,72.25,72.66,"1,418,593"
2/15/2022,73.12,73.25,72.62,73.07,"1,233,431"
2/16/2022,73.01,73.71,72.87,73.15,"1,150,580"
2/17/2022,72.87,72.99,72.25,72.42,"1,469,476"
2/18/2022,72.74,72.78,71.93,71.99,"1,227,266"
2/22/2022,71.5,72.2,70.99,71.82,"1,794,846"
2/23/2022,72.24,72.39,71.19,71.42,"1,837,393"
2/24/2022,68.48,69.48,68.22,69.33,"3,158,823"
2/25/2022,70.17,72.32,69.89,72.21,"3,551,612"
2/28/2022,71.13,72.59,70.96,72.34,"3,385,719"
3/1/2022,72.48,73.56,70.91,71.28,"2,625,318"
3/2/2022,71.94,73.97,71.94,73.8,"2,176,372"
3/3/2022,73.84,74.44,73.4,74.01,"1,828,465"
3/4/2022,73,73.28,72.32,73.26,"1,754,233"
3/7/2022,72.7,73.38,71.86,71.93,"2,338,989"
3/8/2022,72.15,72.46,69.93,70.18,"2,115,867"
3/9/2022,71.51,72.72,70.99,72.32,"1,610,626"
3/10/2022,71.62,72.65,71.51,72.11,"1,261,885"
3/11/2022,72.53,73.47,71.96,72.01,"1,486,351"
3/14/2022,72.43,73.23,71.87,72.12,"2,261,275"
3/15/2022,72.46,72.46,71.4,71.92,"1,485,111"
3/16/2022,72.84,73.54,71.86,73.14,"1,834,959"
3/17/2022,72.88,73.53,72.86,73.52,"1,471,370"
3/18/2022,73.25,74.07,73.1,73.76,"2,436,787"
3/21/2022,74.06,74.37,73.47,73.77,"1,450,307"
3/22/2022,74.17,74.82,74.02,74.58,"1,432,984"
3/23/2022,74.08,74.16,72.34,72.37,"2,031,860"
3/24/2022,72.79,73.03,71.96,72.78,"1,966,567"
3/25/2022,72.97,73.87,72.85,73.8,"1,732,672"
3/28/2022,73.55,73.56,72.98,73.45,"1,187,834"
3/29/2022,74,74.22,73.33,73.73,"1,147,895"
3/30/2022,73.81,74,72.92,73.3,"2,197,191"
3/31/2022,72.82,73.25,71.6,71.72,"1,647,992"
4/1/2022,72.22,72.29,70.85,71.19,"3,245,081"
4/4/2022,70.9,71.05,70.1,70.9,"3,419,215"
4/5/2022,70.95,71.98,70.76,71.41,"1,520,437"
4/6/2022,70.92,71.27,70.05,70.2,"1,729,047"
4/7/2022,70.14,70.23,68.83,69.52,"2,009,601"
4/8/2022,69.52,70.15,69.4,69.65,"989,467"
4/11/2022,69.59,69.94,68.76,68.81,"1,560,794"
4/12/2022,68.89,69.14,67.62,67.84,"1,195,423"
4/13/2022,67.5,67.92,66.97,67.84,"1,201,487"
4/14/2022,67.64,68.19,67.47,67.51,"945,424"
4/18/2022,67.44,67.6,66.86,67.09,"1,201,250"
4/19/2022,67.36,68.11,67.17,68.04,"1,276,877"
4/20/2022,68.72,69.66,68.71,68.92,"1,377,121"
4/21/2022,69.5,70.03,68.52,68.73,"1,489,342"
4/22/2022,68.2,68.33,66.84,66.9,"1,302,487"
4/25/2022,66.4,66.93,65.48,66.74,"1,712,763"
4/26/2022,65.88,66.32,65.13,65.16,"1,415,213"
4/27/2022,65,65.31,63.83,63.94,"2,485,493"
4/28/2022,64.02,65,63.75,64.21,"3,209,600"
4/29/2022,64.53,64.89,63.25,63.32,"1,581,592"
5/2/2022,63.35,63.55,62.51,63.44,"1,752,074"
5/3/2022,63.79,64.81,63.49,64.51,"1,489,157"
5/4/2022,64.6,65.53,64.08,65.49,"1,611,025"
5/5/2022,65.02,65.27,63.47,64.29,"1,964,718"
5/6/2022,63.84,64.15,63.15,63.72,"1,581,503"
5/9/2022,62.93,63.35,62.4,62.57,"1,732,627"
5/10/2022,63.02,63.53,61.64,62.14,"1,917,922"
5/11/2022,62.24,63.41,61.66,61.99,"1,924,260"
5/12/2022,61.52,61.85,60.91,61.66,"1,951,894"
5/13/2022,62.01,62.95,62.01,62.75,"1,661,871"
5/16/2022,62.74,63.61,62.41,63.39,"1,266,159"
5/17/2022,63.81,64.61,63.69,64.49,"1,716,479"
5/18/2022,64.21,64.21,62.35,62.58,"1,550,274"
5/19/2022,62.4,63.41,62.06,62.81,"1,445,553"
5/20/2022,63.23,63.54,61.68,62.55,"1,421,840"
5/23/2022,63.57,64.26,63.29,63.92,"1,261,012"
5/24/2022,63.92,63.92,62.42,63.59,"2,080,282"
5/25/2022,64.49,65.89,64.28,65.36,"1,766,249"
5/26/2022,65.78,66.54,65.6,66.05,"1,624,559"
5/27/2022,66.31,67.19,66.27,67.06,"1,445,884"
5/31/2022,67.03,67.91,66.82,67.71,"1,339,243"
6/1/2022,68.17,68.18,67.04,67.55,"1,126,320"
6/2/2022,67.39,68.59,67.19,68.4,"1,080,375"
6/3/2022,68.22,68.47,67.51,67.69,"1,128,359"
6/6/2022,68.25,68.45,67.24,67.27,"871,942"
6/7/2022,66.97,68.07,66.83,68.07,"827,566"
6/8/2022,68.02,68.02,66.81,67.26,"896,209"
6/9/2022,66.98,67.07,65.61,65.61,"1,109,660"
6/10/2022,64.38,64.56,63.65,64.11,"1,547,400"
6/13/2022,62.68,63.27,62.26,62.87,"2,013,241"
6/14/2022,62.8,63.07,61.89,62.28,"1,366,559"
6/15/2022,62.64,63.45,61.65,62.81,"1,572,058"
6/16/2022,61.76,62.11,60.53,61.38,"1,814,353"
6/17/2022,61.16,61.72,60.4,60.86,"1,474,788"
6/21/2022,62.3,62.53,61.96,62.07,"1,500,975"
6/22/2022,61.24,61.38,60.18,60.22,"1,837,541"
6/23/2022,60.23,60.33,57.93,58.22,"2,044,344"
6/24/2022,58.53,59.1,58.43,58.58,"2,018,279"
6/27/2022,58.85,59.98,58.75,59.68,"1,550,351"
6/28/2022,60.3,60.62,59.29,59.5,"1,294,484"
6/29/2022,59.76,59.91,59.16,59.55,"3,985,755"
6/30/2022,58.73,59.35,58.15,59.21,"3,959,018"
7/1/2022,57.93,58.92,57.42,58.79,"4,154,208"
7/5/2022,57.42,57.81,56.35,57.36,"1,768,017"
7/6/2022,57.42,57.65,56.66,57.33,"1,454,283"
7/7/2022,57.82,58.48,57.76,58.06,"1,132,778"
7/8/2022,58.39,58.63,57.81,58.33,"1,837,119"
7/11/2022,57.85,58.11,57.52,58,"930,035"
7/12/2022,57.56,58.17,57.31,57.57,"1,357,535"
7/13/2022,57.21,57.34,56.43,57.13,"1,382,160"
7/14/2022,55.81,55.81,54.23,54.75,"1,824,900"
7/15/2022,55.35,55.84,54.93,55.61,"1,432,992"
7/18/2022,56.43,57.42,56.32,56.51,"1,361,353"
7/19/2022,57.2,58.29,57.08,58.13,"1,349,879"
7/20/2022,57.84,58.23,57.68,58.18,"1,272,011"
7/21/2022,58,58.49,57.55,58.46,"741,032"
7/22/2022,58.39,58.87,57.82,58.13,"705,247"
7/25/2022,58.66,59.27,58.55,58.96,"1,126,759"
7/26/2022,58.6,59.07,58.57,58.84,"780,309"
7/27/2022,58.96,60.2,58.96,59.79,"1,357,048"
7/28/2022,59.96,60.39,59.27,60.21,"1,048,343"
7/29/2022,60.34,61.23,60.21,60.95,"959,096"
8/1/2022,60.69,60.84,60.31,60.63,"722,142"
8/2/2022,60.42,60.65,59.76,60.15,"907,134"
8/3/2022,60.65,60.95,60.16,60.76,"768,879"
8/4/2022,60.63,60.91,60.49,60.77,"610,100"
8/5/2022,60.45,60.83,60.1,60.67,"810,332"
8/8/2022,61.14,61.4,60.83,60.9,"891,640"
8/9/2022,60.93,60.93,60.03,60.34,"753,409"
8/10/2022,61.1,62.53,60.92,62.13,"944,095"
8/11/2022,62.62,62.86,62.28,62.4,"781,021"
8/12/2022,62.66,63.02,62.42,62.97,"935,996"
8/15/2022,62.21,62.89,61.94,62.84,"835,518"
8/16/2022,62.84,63.75,62.7,63.54,"855,468"
8/17/2022,62.9,63.45,62.73,63.24,"665,871"
8/18/2022,63.3,63.42,62.98,63.24,"965,927"
8/19/2022,62.91,63.02,62.18,62.52,"741,096"
8/22/2022,61.8,62.1,61.53,61.84,"1,017,779"
8/23/2022,61.39,61.4,58.96,59.09,"1,846,731"
8/24/2022,58.43,58.45,57.36,57.86,"2,471,149"
8/25/2022,57.94,58.9,57.73,58.57,"1,799,323"
8/26/2022,58.76,58.9,57.14,57.36,"1,590,608"
8/29/2022,57.05,57.26,56.75,57.13,"1,115,184"
8/30/2022,57.38,57.44,55.82,56.16,"1,308,534"
8/31/2022,56.05,56.12,55.29,55.29,"1,664,403"
9/1/2022,54.91,55.01,53.67,54.26,"2,126,460"
9/2/2022,54.84,55.47,54.18,54.35,"1,588,468"
9/6/2022,54.73,54.92,53.54,53.76,"1,737,270"
9/7/2022,53.21,54.14,53.05,54.03,"1,732,296"
9/8/2022,54.03,55.6,53.73,55.45,"1,678,860"
9/9/2022,56.21,56.45,56.03,56.32,"1,615,091"
9/12/2022,56.87,57.25,56.41,56.68,"1,377,692"
9/13/2022,55.66,55.82,54.43,54.71,"1,792,779"
9/14/2022,54.88,55.02,54.24,54.52,"1,347,836"
9/15/2022,54.32,54.81,53.82,53.92,"1,837,019"
9/16/2022,53.28,53.7,53.05,53.63,"1,477,769"
9/19/2022,53.15,54.05,52.91,54.02,"1,273,527"
9/20/2022,53.55,53.61,52.72,53.2,"1,356,065"
9/21/2022,53.24,53.32,52.21,52.22,"1,822,708"
9/22/2022,52.29,52.54,51.72,51.82,"1,271,495"
9/23/2022,51.08,51.11,50.27,50.94,"2,142,955"
9/26/2022,50.36,50.39,48.57,49.02,"3,078,456"
9/27/2022,49.22,49.6,48.41,48.64,"2,188,976"
9/28/2022,48.52,49.5,48.3,49.22,"3,959,001"
9/29/2022,48.74,48.78,47.66,48.25,"2,255,383"
9/30/2022,48.41,48.67,47.53,47.57,"4,562,244"
10/3/2022,47.49,48.34,47.35,48.08,"3,059,343"
10/4/2022,48.6,49.88,48.48,49.66,"2,281,542"
10/5/2022,48.75,49.01,48.12,48.89,"1,926,770"
10/6/2022,48.45,48.54,47.33,47.53,"2,235,789"
10/7/2022,47.43,47.68,46.85,47.18,"1,804,293"
10/10/2022,47.52,47.55,46.9,46.92,"1,056,073"
10/11/2022,46.73,47.14,46.04,46.42,"1,675,215"
10/12/2022,46.41,46.96,46.13,46.29,"1,506,389"
10/13/2022,45.56,48.23,45.26,47.9,"2,484,458"
10/14/2022,48.25,48.4,47.09,47.15,"1,667,638"
10/17/2022,48.2,48.49,47.98,48.18,"1,828,129"
10/18/2022,49,49.1,48.02,48.42,"2,870,667"
10/19/2022,47.78,47.85,46.73,47.13,"4,822,277"
10/20/2022,47.13,47.66,46.35,46.43,"2,775,275"
10/21/2022,46.4,47.67,46.2,47.55,"4,047,300"
10/24/2022,47.65,47.65,46.82,47.13,"2,337,450"
10/25/2022,47.01,48.07,46.89,48.02,"3,678,194"
10/26/2022,48.01,48.59,47.85,48.16,"6,107,872"
10/27/2022,48.53,48.81,48.33,48.48,"3,210,393"
10/28/2022,48.46,48.93,48.39,48.64,"2,601,782"
10/31/2022,48.49,48.75,48.25,48.32,"3,502,699"
11/1/2022,49.01,49.11,47.98,48.41,"2,007,142"
11/2/2022,48.45,49.06,47.74,47.81,"1,931,717"
11/3/2022,47.28,47.51,46.88,47.17,"1,762,493"
11/4/2022,48.17,49.02,48.14,48.85,"1,665,917"
11/7/2022,49.05,49.2,48.6,49.06,"1,171,818"
11/8/2022,49.12,49.92,48.97,49.48,"1,423,471"
11/9/2022,49.2,49.44,48.69,48.77,"1,604,162"
11/10/2022,50.16,52.11,50,51.81,"4,941,652"
11/11/2022,52.16,52.22,51.28,51.8,"1,479,745"
11/14/2022,51.66,51.85,51.28,51.44,"1,300,718"
11/15/2022,52.11,52.36,51.42,52.35,"3,086,806"
11/16/2022,52.35,52.37,51.36,51.62,"1,346,993"
11/17/2022,51.12,51.73,51.03,51.61,"1,143,638"
11/18/2022,51.73,51.97,51.35,51.55,"985,438"
11/21/2022,51.4,52.21,51.16,52.15,"1,701,958"
11/22/2022,52.54,53.01,52.14,52.72,"1,286,476"
11/23/2022,52.68,53.12,52.43,53.12,"1,277,315"
11/25/2022,53.26,53.5,53.13,53.36,"477,210"
11/28/2022,53.01,53.31,52.6,52.87,"2,187,396"
11/29/2022,52.5,52.55,51,51.3,"2,081,390"
11/30/2022,51.63,52.3,50.47,52.2,"2,306,451"
12/1/2022,52.36,52.44,51.52,52.23,"1,378,859"
12/2/2022,51.78,51.83,51.12,51.21,"1,184,054"
12/5/2022,51.21,51.34,49.8,49.97,"1,222,954"
12/6/2022,49.98,50.22,49.51,50.06,"1,299,242"
12/7/2022,49.92,50.29,49.62,49.8,"1,055,232"
12/8/2022,50.15,50.35,49.7,50.18,"1,635,361"
12/9/2022,50,50.53,49.94,50.3,"915,659"
12/12/2022,50.27,50.27,49.37,50.07,"1,372,101"
12/13/2022,51,51.11,49.65,49.91,"1,915,172"
12/14/2022,49.85,50.12,49.03,49.19,"1,693,722"
12/15/2022,48.75,48.8,47.59,47.96,"1,837,340"
12/16/2022,47.52,48.08,47.44,47.64,"1,387,518"
12/19/2022,47.83,48.08,46.86,47.22,"6,041,268"
12/20/2022,47.53,48.47,47.26,47.99,"2,158,740"
12/21/2022,48.39,48.8,48.27,48.41,"1,058,700"
12/22/2022,48.05,48.27,47.48,48.25,"1,273,124"
12/23/2022,48.32,48.84,48.28,48.83,"851,452"
12/27/2022,48.85,49.05,48.6,48.93,"687,093"
12/28/2022,49.19,49.38,48.05,48.1,"1,665,037"
12/29/2022,48.31,49.23,48.26,49.21,"1,849,769"
12/30/2022,49.08,49.23,48.54,48.98,"5,014,970"
1/3/2023,48.29,48.47,47.62,47.67,"3,153,004"
1/4/2023,48.38,49.5,48.37,49.24,"1,790,039"
1/5/2023,49.09,49.13,48.56,48.96,"1,149,538"
1/6/2023,49.28,50.33,49.13,49.98,"1,946,435"
1/9/2023,50.32,50.65,50.11,50.26,"1,134,715"
1/10/2023,50.28,50.52,50.11,50.33,"938,369"
1/11/2023,50.58,50.89,50.24,50.44,"1,472,604"
1/12/2023,50.88,51.49,50.59,51.29,"1,132,496"
1/13/2023,50.75,51.71,50.57,51.65,"1,138,013"
1/17/2023,51.96,52.16,51.67,52.01,"1,266,390"
1/18/2023,52.15,52.55,51.26,51.26,"1,220,714"
1/19/2023,51.06,51.29,50.72,51.2,"1,140,975"
1/20/2023,51.31,51.69,50.84,51.67,"1,082,369"
1/23/2023,51.66,52.18,51.35,52.04,"1,051,120"
1/24/2023,52,52.16,51.55,51.9,"735,872"
1/25/2023,51.74,52.61,51.71,52.37,"1,447,394"
1/26/2023,52.68,53.41,52.62,53.39,"1,053,549"
1/27/2023,53.34,53.62,52.97,53.31,"1,176,530"
1/30/2023,52.96,53.32,52.96,53.06,"1,140,842"
1/31/2023,53.15,54.14,52.92,54.13,"1,419,919"
2/1/2023,54.13,54.72,53.65,54.44,"1,537,212"
2/2/2023,54.6,55.25,54.22,55.13,"1,202,362"
2/3/2023,54.75,55.13,54.35,54.74,"1,418,338"
2/6/2023,54.39,54.45,53.94,54.16,"1,069,166"
2/7/2023,53.93,55.18,53.73,55.04,"2,573,206"
2/8/2023,54.9,55.29,54.34,54.46,"1,231,121"
2/9/2023,54.87,55.09,54.13,54.32,"1,268,585"
2/10/2023,54.5,55.19,54.39,55.12,"1,048,322"
2/13/2023,55.06,55.73,55.02,55.57,"685,520"
2/14/2023,55.59,55.91,55.05,55.44,"897,290"
2/15/2023,54.86,55.25,54.75,54.99,"865,008"
2/16/2023,54.59,54.99,54.19,54.58,"815,422"
2/17/2023,54.46,54.46,53.94,54.14,"1,346,561"
2/21/2023,53.76,53.83,52.85,53.04,"1,101,301"
2/22/2023,52.99,53.1,52.44,52.79,"1,157,317"
2/23/2023,52.94,53.05,52.41,52.67,"1,308,846"
2/24/2023,52,52.46,51.61,52.44,"1,295,610"
2/27/2023,52.75,53.11,52.55,52.7,"1,153,070"
2/28/2023,51.63,51.7,49.36,49.48,"3,817,018"
3/1/2023,49.4,50.35,49.05,50.33,"2,472,355"
3/2/2023,50.28,50.6,49.82,50.59,"1,351,189"
3/3/2023,50.76,51.71,50.76,51.48,"982,577"
3/6/2023,51.5,52.11,51.42,51.65,"1,118,807"
3/7/2023,51.38,51.45,49.9,50.21,"1,178,963"
3/8/2023,50.15,50.31,49.59,49.82,"1,031,306"
3/9/2023,49.73,49.76,48.52,48.67,"1,537,629"
3/10/2023,48.59,48.67,47.27,47.53,"3,161,393"
3/13/2023,47.19,48.19,46.36,47.88,"4,258,623"
3/14/2023,49.06,49.23,47.87,48.28,"2,783,681"
3/15/2023,47.04,47.48,46.36,47.4,"2,633,768"
3/16/2023,47.05,48.39,46.74,47.94,"1,996,136"
3/17/2023,47.7,48.02,47.42,47.92,"2,329,119"
3/20/2023,48.31,48.49,47.83,48.15,"1,743,302"
3/21/2023,48.82,48.95,48.34,48.58,"2,116,151"
3/22/2023,49,49.08,48.44,48.44,"2,108,205"
3/23/2023,48.79,49.11,48.13,48.26,"2,088,032"
3/24/2023,47.64,48.06,46.99,48.05,"2,428,097"
3/27/2023,48.65,48.92,48.33,48.7,"1,386,522"
3/28/2023,48.5,49.16,48.5,49.03,"1,360,626"
3/29/2023,49.36,50.05,49.32,50.01,"2,986,159"
3/30/2023,50.3,50.64,49.96,50.11,"1,339,151"
3/31/2023,50.35,50.44,49.95,50.36,"1,273,807"
4/3/2023,49.62,50.3,49.56,50.21,"1,304,232"
4/4/2023,50.44,50.69,49.7,49.9,"1,464,766"
4/5/2023,49.69,50.15,49.55,50.13,"1,241,317"
4/6/2023,50.2,50.24,49.63,50.03,"1,043,209"
4/10/2023,49.76,50.2,49.68,50.05,"1,261,458"
4/11/2023,50.25,50.63,50.17,50.53,"1,153,090"
4/12/2023,50.8,51.08,50.48,50.61,"870,441"
4/13/2023,50.83,51.37,50.63,51.34,"1,225,397"
4/14/2023,51.67,51.8,50.96,51.22,"1,077,817"
4/17/2023,51.22,51.35,50.79,51.32,"1,613,734"
4/18/2023,51.47,51.66,51.23,51.54,"993,106"
4/19/2023,51.27,51.49,51.06,51.27,"1,043,252"
4/20/2023,51,51.25,50.92,51.02,"911,447"
4/21/2023,50.78,50.97,50.24,50.36,"1,816,394"
4/24/2023,50.24,50.36,49.79,50.01,"1,569,592"
4/25/2023,49.43,49.58,48.68,48.72,"1,331,627"
4/26/2023,48.67,49.19,48.57,48.81,"1,087,873"
4/27/2023,49.04,49.77,49.04,49.59,"1,050,578"
4/28/2023,49.2,49.96,49.14,49.91,"917,032"
5/1/2023,49.89,50.29,49.8,49.81,"970,786"
5/2/2023,49.56,49.56,48.15,48.38,"1,824,107"
5/3/2023,48.42,49.18,48.31,48.57,"1,362,764"
5/4/2023,48.46,48.66,47.85,48.49,"1,854,239"
5/5/2023,49.15,50.07,49.06,50.03,"1,963,582"
5/8/2023,50.42,50.79,50.17,50.32,"1,038,809"
5/9/2023,49.49,49.49,48.81,49.22,"1,493,944"
5/10/2023,49.53,49.65,48.98,49.44,"905,688"
5/11/2023,49,49.42,48.76,49.34,"696,882"
5/12/2023,49.52,49.65,48.74,49.08,"714,521"
5/15/2023,49.19,49.85,49.16,49.84,"877,339"
5/16/2023,49.64,50.04,49.02,49.1,"973,218"
5/17/2023,49.46,49.8,49.04,49.8,"1,293,543"
5/18/2023,49.6,49.74,49.29,49.66,"891,928"
5/19/2023,49.82,49.87,49.02,49.26,"829,976"
5/22/2023,49.43,49.65,49.05,49.53,"474,413"
5/23/2023,49.3,49.7,49.04,49.19,"1,691,181"
5/24/2023,48.59,48.86,47.85,48.29,"2,061,948"
5/25/2023,48.13,49.11,48.1,48.96,"1,558,470"
5/26/2023,49.08,49.43,48.98,49.06,"1,086,946"
5/30/2023,49.34,49.54,48.75,48.84,"899,788"
5/31/2023,48.53,48.84,48.27,48.31,"1,080,394"
6/1/2023,48.58,49.17,48.15,48.76,"1,280,952"
6/2/2023,49.16,49.76,48.97,49.7,"1,482,004"
6/5/2023,49.8,49.8,49.01,49.05,"887,858"
6/6/2023,49.05,49.62,48.98,49.61,"845,784"
6/7/2023,49.59,49.87,49.4,49.67,"805,107"
6/8/2023,49.7,49.79,49.28,49.66,"612,136"
6/9/2023,49.57,49.95,49.46,49.54,"722,721"
6/12/2023,49.42,49.74,49.17,49.24,"759,887"
6/13/2023,49.35,49.97,49.35,49.89,"1,224,213"
6/14/2023,50.12,50.32,49.63,49.71,"961,599"
6/15/2023,49.72,50.5,49.72,50.46,"959,587"
6/16/2023,50.62,50.71,50.12,50.16,"1,147,775"
6/20/2023,50.18,50.23,49.34,49.35,"2,520,007"
6/21/2023,49.37,49.46,48.74,49.01,"2,003,742"
6/22/2023,48.93,48.99,48.48,48.6,"1,245,377"
6/23/2023,48.26,48.26,47.86,47.99,"1,173,580"
6/26/2023,48.04,48.79,47.9,48.67,"1,438,575"
6/27/2023,48.99,49.06,48.59,49.04,"1,864,854"
6/28/2023,48.84,48.94,48.61,48.78,"770,722"
6/29/2023,49.05,49.48,48.87,49.47,"1,948,093"
6/30/2023,49.74,50.21,49.71,50.04,"1,333,701"
7/3/2023,49.27,50.05,49.22,49.69,"1,230,361"
7/5/2023,49.08,49.14,48.67,48.79,"1,793,267"
7/6/2023,48.3,48.31,47.34,47.36,"2,250,864"
7/7/2023,47.4,48.48,47.31,48.15,"1,779,040"
7/10/2023,48.08,48.39,47.75,47.84,"900,145"
7/11/2023,47.85,48.26,47.63,48.2,"797,406"
7/12/2023,48.68,49.09,48.62,49.05,"1,277,469"
7/13/2023,49.27,49.99,49.2,49.97,"1,461,199"
7/14/2023,50.14,50.28,49.3,49.39,"1,007,748"
7/17/2023,49.31,49.72,49.29,49.69,"621,444"
7/18/2023,49.62,50.34,49.46,50.33,"1,144,563"
7/19/2023,50.4,50.96,50.4,50.92,"1,547,501"
7/20/2023,50.94,51.03,50.76,51.01,"2,255,105"
7/21/2023,51.01,51.03,50.78,50.87,"1,292,251"
7/24/2023,50.91,51.36,50.68,50.95,"1,589,394"
7/25/2023,51,51,49.51,49.62,"2,494,160"
7/26/2023,49.44,50.03,49.32,49.77,"1,538,549"
7/27/2023,49.99,50.35,49.63,49.73,"2,194,277"
7/28/2023,50.15,50.32,49.83,49.91,"794,293"
7/31/2023,50.05,50.62,50,50.36,"1,069,897"
8/1/2023,49.95,49.98,49.11,49.31,"1,887,939"
8/2/2023,48.84,48.89,48.26,48.5,"1,920,066"
8/3/2023,48.19,48.26,47.79,48.09,"905,647"
8/4/2023,48.17,48.6,48.01,48.1,"1,243,850"
8/7/2023,48.26,48.66,48.22,48.46,"483,985"
8/8/2023,47.68,47.77,47.21,47.57,"1,299,971"
8/9/2023,47.49,47.67,47.25,47.55,"952,630"
8/10/2023,47.72,48.24,47.69,47.75,"1,083,970"
8/11/2023,47.56,48.08,47.53,48.03,"876,682"
8/14/2023,47.87,47.87,47.5,47.69,"1,007,011"
8/15/2023,47.42,47.49,46.73,46.83,"1,611,529"
8/16/2023,46.72,46.97,46.59,46.66,"962,363"
8/17/2023,46.87,47.08,46.34,46.35,"862,103"
8/18/2023,46.13,46.23,45.95,46.06,"1,110,685"
8/21/2023,46.15,46.22,45.71,45.82,"1,178,794"
8/22/2023,45.94,45.97,45.31,45.44,"1,234,220"
8/23/2023,45.47,46.29,45.35,46.15,"1,019,865"
8/24/2023,45.99,46.27,45.89,45.95,"1,802,220"
8/25/2023,46.07,46.26,45.25,45.65,"1,164,102"
8/28/2023,45.93,46.29,45.76,46.19,"1,034,153"
8/29/2023,46.02,47.63,46.02,47.58,"1,932,647"
8/30/2023,47.69,48,47.46,47.63,"1,097,718"
8/31/2023,47.61,47.92,47.26,47.44,"1,167,149"
9/1/2023,47.75,48.21,47.69,48.14,"1,657,309"
9/5/2023,48.13,48.27,47.27,47.29,"1,905,429"
9/6/2023,47.1,47.39,46.82,47.15,"1,976,060"
9/7/2023,47.05,47.35,46.53,46.61,"1,213,808"
9/8/2023,46.62,46.79,46.38,46.52,"1,016,668"
9/11/2023,46.89,47.27,46.5,47.07,"1,932,823"
9/12/2023,47.07,47.49,46.97,47.29,"1,138,617"
9/13/2023,47.48,47.95,47.43,47.83,"835,054"
9/14/2023,48.33,48.5,48.07,48.23,"1,565,987"
9/15/2023,48.21,48.49,48.01,48.44,"1,412,380"
